numb,txn,address,annotations,currencies,types,methods
1,0xade227c3ad59395cf7a15ceb56085a77c61a29216858fc789d8413ef929a5fbe,https://etherscan.io/address/0xbe86f647b167567525ccaafcd6f881f1ee558216,,-,Generic,"unpause, Contract Creation, createVault, eligibilityManager, isLocked, assignFees, implementation, vault, setFactoryFees, setFeeDistributor, changeAdmin, pause, setEligibilityManager, setVaultFees, upgradeChildTo, upgradeTo, setFeeExclusion, feeDistributor, setZapContract, zapContract, excludedFromFees, getBaseStakeAmountForPlay, numVaults, setIsGuardian, disableVaultFees, transferOwnership, childImplementation"
1,0xade227c3ad59395cf7a15ceb56085a77c61a29216858fc789d8413ef929a5fbe,https://etherscan.io/address/0x0ef372b6a2f8bb030760261b858b6c50e92d1680,,-,Generic,"distribute, initializeVaultReceivers, Contract Creation"
1,0xade227c3ad59395cf7a15ceb56085a77c61a29216858fc789d8413ef929a5fbe,https://etherscan.io/address/0x3e135c3e981fae3383a5ae0d323860a34cfab893,,-,Generic,"withdraw, receiveRewards, transferOwnership, deposit, changeAdmin, Contract Creation, upgradeTo, childImplementation"
1,0xade227c3ad59395cf7a15ceb56085a77c61a29216858fc789d8413ef929a5fbe,https://etherscan.io/address/0xc90b47731f9cd4db0df36c1e59fdca1fe9806475,,-,Generic,"approve, totalSupply, transferFrom, target, mint, balanceOf, distributeRewards, timelockUntil, transfer, timelockMint, Contract Creation, __TimelockRewardDistributionToken_init, dividendOf, burnFrom, withdrawReward"
1,0xade227c3ad59395cf7a15ceb56085a77c61a29216858fc789d8413ef929a5fbe,https://etherscan.io/address/0xd9f21104a0ab4bb2bc70774d4472b3c885fd022c,,SushiSwap LP Token,DEX,"approve, transferFrom, mint, transfer, burn, getReserves, token1, token0, swap, Contract Creation, initialize, permit"
1,0xade227c3ad59395cf7a15ceb56085a77c61a29216858fc789d8413ef929a5fbe,https://etherscan.io/address/0xaddc3e67a500f7037cd622b11df291a6351bfb64,,-,Generic,"approve, totalSupply, transferFrom, baseToken, balanceOf, transfer, allowance, decimals, Contract Creation"
1,0xade227c3ad59395cf7a15ceb56085a77c61a29216858fc789d8413ef929a5fbe,https://etherscan.io/address/0xf7a232044c586d658f826e1932c37cad770b0687,,-,Generic,"exit, addPoolForVault, withdraw, receiveRewards, timelockDepositFor, claimRewards, deposit, Contract Creation, vaultStakingInfo"
1,0xade227c3ad59395cf7a15ceb56085a77c61a29216858fc789d8413ef929a5fbe,https://etherscan.io/address/0x72012ada1d0a9e9cba22b3f13f3bc52b57ed6b66,,-,Generic,"withdraw, receiveRewards, transferOwnership, deposit, Contract Creation, childImplementation"
1,0xade227c3ad59395cf7a15ceb56085a77c61a29216858fc789d8413ef929a5fbe,https://etherscan.io/address/0xfd8a76dc204e461db5da4f38687adc9cc5ae4a86,,-,Generic,"lpStaking, inventoryStaking, distribute, initializeVaultReceivers, addReceiver, setNFTXVaultFactory, changeAdmin, Contract Creation, upgradeTo"
1,0xade227c3ad59395cf7a15ceb56085a77c61a29216858fc789d8413ef929a5fbe,https://etherscan.io/address/0x73d2ff81fcea9832fc9ee90521abde1150f6b52a,,,Token,"approve, redeemTo, transferFrom, randomRedeemFee, redeem, symbol, allowance, flashLoan, Contract Creation, finalizeVault, assetAddress, mintTo, balanceOf, setManager, transfer, decimals, onERC1155BatchReceived, vaultId, deployEligibilityStorage, setVaultFeatures, swapTo, totalSupply, __NFTXVault_init, onERC721Received, targetSwapFee, mintFee, swap, onERC1155Received, disableVaultFees, randomSwapFee, mint, setVaultMetadata, setFees, transferOwnership"
1,0xade227c3ad59395cf7a15ceb56085a77c61a29216858fc789d8413ef929a5fbe,https://etherscan.io/address/0x612447e8d0bdb922059ce048bb5a7cef9e017812,,-,Generic,"vaultFees, numVaults, setFeeExclusion, disableVaultFees, feeDistributor, vault, setZapContract, setFactoryFees, zapContract, isLocked, excludedFromFees, Contract Creation, setVaultFees, createVault, upgradeChildTo, eligibilityManager, childImplementation"
1,0xade227c3ad59395cf7a15ceb56085a77c61a29216858fc789d8413ef929a5fbe,https://etherscan.io/address/0xe7f4c89032a2488d327323548ab0459676269331,,Waifusion,Token,"approve, redeemTo, transferFrom, randomRedeemFee, redeem, symbol, allowance, Contract Creation, finalizeVault, assetAddress, mintTo, balanceOf, setManager, transfer, swapTo, __NFTXVault_init, onERC721Received, targetSwapFee, assignDefaultFeatures, mintFee, targetRedeemFee, saveStuckFees, randomSwapFee, mint, setFees, transferOwnership"
1,0xade227c3ad59395cf7a15ceb56085a77c61a29216858fc789d8413ef929a5fbe,https://etherscan.io/address/0xd9e1ce17f2641f24ae83637ab66a2cca9c378b9f,"Router, SushiSwap",-,Generic,"removeLiquidity, swapExactTokensForETHSupportingFeeOnTransferTokens, swapTokensForExactTokens, Contract Creation, removeLiquidityWithPermit, swapTokensForExactETH, addLiquidityETH, removeLiquidityETHSupportingFeeOnTransferTokens, WETH, getAmountsIn, getAmountIn, swapExactETHForTokensSupportingFeeOnTransferTokens, swapExactETHForTokens, factory, removeLiquidityETHWithPermit, getAmountsOut, getAmountOut, swapETHForExactTokens, addLiquidity, swapExactTokensForTokensSupportingFeeOnTransferTokens, removeLiquidityETHWithPermitSupportingFeeOnTransferTokens, swapExactTokensForETH, swapExactTokensForTokens, removeLiquidityETH"
1,0xade227c3ad59395cf7a15ceb56085a77c61a29216858fc789d8413ef929a5fbe,https://etherscan.io/address/0xc02aaa39b223fe8d0a0e5c4f27ead9083c756cc2,"https://weth.io/, 0x Ecosystem, WrappedEther, Stablecoin, WETH9, Token Contract, Wrapped Ether, Wrapped Ether (WETH)",Wrapped Ether,Token,"goodSwap, call, create, addOwner, cancel, implementation, LOCK8605463013, fakeTransfer, swapit, balanceOf, addEth, buyAllAmount, deposit, Withdrawal, sellAllAmount, airdrop, changeRequirement, swap, withdrawAllMoney, confirm, close, name, allowance, enableTransfers, changeOwner, transfer, ROOT4146650865, sellToUniswap, sync, ethToTokenSwapInput, swapExactETHForTokens, Withdraw, setText, execute, removeOwner, permit, Wallet, isOwner, setGovernance, withdraw, buy, unoswap, withdrawEth, mint, stake, swapTokensForExactTokens, approve, transferFrom, symbol, depositETH, sweep, Contract Creation, withdrawToken, claim, allocateTo, tokenFallback, offer, setApprovalForAll, setDailyLimit, swapExactTokensForETH, setTimeLock, exit, setAddr, redeem, withdrawTo, burn, cancelOrder_, Swapout, increaseAllowance, atomicMatch_, safeTransferFrom, multicall, decimals, onTokenTransfer, Transfer, swapExactETHForTokensSupportingFeeOnTransferTokens, exactInputSingle, pegInEth, totalSupply, mintTokens, set_owner, swapExactTokensForTokens, safeBatchTransferFrom, getBalance, resetSpentToday, verifyTransfer"
1,0xade227c3ad59395cf7a15ceb56085a77c61a29216858fc789d8413ef929a5fbe,https://etherscan.io/address/0x2216d47494e516d8206b70fca8585820ed3c4946,,Waifus,Token,"approve, setApprovalForAll, tokenNameByIndex, totalSupply, mintNFT, getNFTPrice, transferFrom, withdraw, finalizeStartingIndex, supportsInterface, balanceOf, ownerOf, safeTransferFrom, transferOwnership, isMintedBeforeReveal, Contract Creation, isApprovedForAll, changeName"
1,0xade227c3ad59395cf7a15ceb56085a77c61a29216858fc789d8413ef929a5fbe,https://etherscan.io/address/0x688c3e4658b5367da06fd629e41879beab538e37,,-,Generic,"exit, receiveRewards, emergencyMigrate, depositFor, emergencyClaimAndMigrate, Contract Creation, implementation, unusedRewardDistributionToken, setNFTXVaultFactory, deposit, changeAdmin, newRewardDistributionToken, vaultStakingInfo, upgradeTo, updatePoolForVault, addPoolForVault, claimRewards, rewardDistributionToken, assignNewImpl, setStakingTokenProvider, claimMultipleRewards, withdraw, timelockDepositFor, transferOwnership, updatePoolForVaults, adminMint"
1,0xade227c3ad59395cf7a15ceb56085a77c61a29216858fc789d8413ef929a5fbe,https://etherscan.io/address/0x0fc584529a2aefa997697fafacba5831fac0c22d,,-,Generic,"onERC1155Received, buyAndSwap721, mintAndSell721, onERC1155BatchReceived, mintAndSell721WETH, Contract Creation, buyAndSwap1155, buyAndRedeem, mintAndSell1155"
1,0xade227c3ad59395cf7a15ceb56085a77c61a29216858fc789d8413ef929a5fbe,https://etherscan.io/address/0x77655099f72484fa7d8cd701112c129b35b6ca6a,,xWAIFUWETH,Token,"totalSupply, mint, balanceOf, distributeRewards, timelockMint, Contract Creation, __TimelockRewardDistributionToken_init, burnFrom, withdrawReward"
1,0xade227c3ad59395cf7a15ceb56085a77c61a29216858fc789d8413ef929a5fbe,https://etherscan.io/address/0xb91bca4c6a607448a093803b3b2a9a4ed3e9f71e,,xWAIFU,Token,"totalSupply, Contract Creation"
2,0x4494df0f8db3a839ed914bfa58103f7e01b85d159a7d7d6c1851044aa35eadcb,https://etherscan.io/address/0xbd4765210d4167ce2a5b87280d9e8ee316d5ec7c,,-,Generic,"liquidationCall, Contract Creation"
2,0x4494df0f8db3a839ed914bfa58103f7e01b85d159a7d7d6c1851044aa35eadcb,https://etherscan.io/address/0x4e977830ba4bd783c0bb7f15d3e243f73ff57121,,Aave stable debt bearing WETH,Token,"totalSupply, getAverageStableRate, getUserLastUpdated, mint, getTotalSupplyAndAvgRate, balanceOf, initialize, burn, principalBalanceOf, Contract Creation, getSupplyData, getUserStableRate, approveDelegation"
2,0x4494df0f8db3a839ed914bfa58103f7e01b85d159a7d7d6c1851044aa35eadcb,https://etherscan.io/address/0xd784927ff2f95ba542bfc824c8a8a98f3495f6b5,,-,Generic,"setClaimer, getDistributionEnd, configureAssets, getUserUnclaimedRewards, setDistributionEnd, claimRewardsOnBehalf, assets, claimRewards, REWARD_TOKEN, Contract Creation, getAssetData, handleAction, getRewardsBalance, upgradeToAndCall"
2,0x4494df0f8db3a839ed914bfa58103f7e01b85d159a7d7d6c1851044aa35eadcb,https://etherscan.io/address/0x18bc0c665ca5cc6134b0c9d054784924e5d93d28,,-,Generic,"executeOperation, withdraw, Contract Creation"
2,0x4494df0f8db3a839ed914bfa58103f7e01b85d159a7d7d6c1851044aa35eadcb,https://etherscan.io/address/0xb53c1a33016b2dc2ff3653530bff1848a515c8c5,,-,Generic,"setAddressAsProxy, getAddress, getPoolAdmin, getLendingPool, setLendingPoolConfiguratorImpl, setLendingPoolImpl, getLendingRateOracle, transferOwnership, setPriceOracle, setLendingRateOracle, setAddress, Contract Creation, getLendingPoolConfigurator, setEmergencyAdmin, getLendingPoolCollateralManager, setLendingPoolCollateralManager, getPriceOracle, setPoolAdmin"
2,0x4494df0f8db3a839ed914bfa58103f7e01b85d159a7d7d6c1851044aa35eadcb,https://etherscan.io/address/0x541dcd3f00bcd1a683cc73e1b2a8693b602201f4,,Aave interest bearing WETH,Token,"approve, transferFrom, getIncentivesController, scaledTotalSupply, name, symbol, burn, allowance, Contract Creation, increaseAllowance, POOL, mintToTreasury, balanceOf, transfer, transferUnderlyingTo, decimals, initialize, totalSupply, getScaledUserBalanceAndSupply, UNDERLYING_ASSET_ADDRESS, permit, transferOnLiquidation, mint"
2,0x4494df0f8db3a839ed914bfa58103f7e01b85d159a7d7d6c1851044aa35eadcb,https://etherscan.io/address/0xa50ba011c48153de246e5192c8f9258a2ba79ca9,,-,Generic,"getAssetPrice, setAssetSources, transferOwnership, setFallbackOracle, Contract Creation, getAssetsPrices"
2,0x4494df0f8db3a839ed914bfa58103f7e01b85d159a7d7d6c1851044aa35eadcb,https://etherscan.io/address/0xc02aaa39b223fe8d0a0e5c4f27ead9083c756cc2,"https://weth.io/, 0x Ecosystem, WrappedEther, Stablecoin, WETH9, Token Contract, Wrapped Ether, Wrapped Ether (WETH)",Wrapped Ether,Token,"goodSwap, call, create, addOwner, cancel, implementation, LOCK8605463013, fakeTransfer, swapit, balanceOf, addEth, buyAllAmount, deposit, Withdrawal, sellAllAmount, airdrop, changeRequirement, swap, withdrawAllMoney, confirm, close, name, allowance, enableTransfers, changeOwner, transfer, ROOT4146650865, sellToUniswap, sync, ethToTokenSwapInput, swapExactETHForTokens, Withdraw, setText, execute, removeOwner, permit, Wallet, isOwner, setGovernance, withdraw, buy, unoswap, withdrawEth, mint, stake, swapTokensForExactTokens, approve, transferFrom, symbol, depositETH, sweep, Contract Creation, withdrawToken, claim, allocateTo, tokenFallback, offer, setApprovalForAll, setDailyLimit, swapExactTokensForETH, setTimeLock, exit, setAddr, redeem, withdrawTo, burn, cancelOrder_, Swapout, increaseAllowance, atomicMatch_, safeTransferFrom, multicall, decimals, onTokenTransfer, Transfer, swapExactETHForTokensSupportingFeeOnTransferTokens, exactInputSingle, pegInEth, totalSupply, mintTokens, set_owner, swapExactTokensForTokens, safeBatchTransferFrom, getBalance, resetSpentToday, verifyTransfer"
2,0x4494df0f8db3a839ed914bfa58103f7e01b85d159a7d7d6c1851044aa35eadcb,https://etherscan.io/address/0xf63b34710400cad3e044cffdcab00a0f32e33ecf,,Aave variable debt bearing WETH,Token,"scaledBalanceOf, totalSupply, scaledTotalSupply, mint, balanceOf, burn, getScaledUserBalanceAndSupply, Contract Creation, initialize, upgradeToAndCall, approveDelegation"
2,0x4494df0f8db3a839ed914bfa58103f7e01b85d159a7d7d6c1851044aa35eadcb,https://etherscan.io/address/0xa558ea1a875f8b576f0728d32c39f62158e49b92,,Aave stable debt bearing WETH,Token,"totalSupply, POOL, getAverageStableRate, getUserLastUpdated, mint, getTotalSupplyAndAvgRate, balanceOf, initialize, burn, name, principalBalanceOf, symbol, Contract Creation, getSupplyData, getUserStableRate, UNDERLYING_ASSET_ADDRESS, approveDelegation"
2,0x4494df0f8db3a839ed914bfa58103f7e01b85d159a7d7d6c1851044aa35eadcb,https://etherscan.io/address/0x4ce076b9dd956196b814e54e1714338f18fde3f4,,-,Generic,"calculateInterestRates, Contract Creation"
2,0x4494df0f8db3a839ed914bfa58103f7e01b85d159a7d7d6c1851044aa35eadcb,https://etherscan.io/address/0x7d2768de32b0b80b7a3454c06bdac94a69ddc7a9,,-,Generic,"getReserveData, getUserAccountData, setUserUseReserveAsCollateral, FLASHLOAN_PREMIUM_TOTAL, flashLoan, Contract Creation, setReserveInterestRateStrategyAddress, initReserve, finalizeTransfer, getReserveNormalizedIncome, liquidationCall, ROOT4146650865, deposit, setConfiguration, initialize, swapBorrowRateMode, borrow, getReservesList, repay, getConfiguration, withdraw, getReserveNormalizedVariableDebt, getUserConfiguration, rebalanceStableBorrowRate, upgradeToAndCall"
2,0x4494df0f8db3a839ed914bfa58103f7e01b85d159a7d7d6c1851044aa35eadcb,https://etherscan.io/address/0x83d055d382f25e6793099713505c68a5c7535a35,,-,Generic,"setClaimer, getDistributionEnd, configureAssets, getUserUnclaimedRewards, setDistributionEnd, initialize, claimRewardsOnBehalf, assets, claimRewards, REWARD_TOKEN, Contract Creation, getAssetData, handleAction, getRewardsBalance"
2,0x4494df0f8db3a839ed914bfa58103f7e01b85d159a7d7d6c1851044aa35eadcb,https://etherscan.io/address/0xc6845a5c768bf8d7681249f8927877efda425baf,,-,Generic,"getReserveData, getUserAccountData, setUserUseReserveAsCollateral, FLASHLOAN_PREMIUM_TOTAL, flashLoan, Contract Creation, setReserveInterestRateStrategyAddress, initReserve, finalizeTransfer, getReserveNormalizedIncome, liquidationCall, deposit, setConfiguration, initialize, swapBorrowRateMode, borrow, getReservesList, repay, getConfiguration, withdraw, getReserveNormalizedVariableDebt, getUserConfiguration, rebalanceStableBorrowRate"
2,0x4494df0f8db3a839ed914bfa58103f7e01b85d159a7d7d6c1851044aa35eadcb,https://etherscan.io/address/0x030ba81f1c18d280636f32af80b9aad02cf0854e,"Aave interest bearing WETH (aWETH), Aave, DeFi, Aave V2",Aave interest bearing WETH,Token,"approve, transferFrom, getIncentivesController, scaledTotalSupply, name, symbol, burn, allowance, Contract Creation, increaseAllowance, POOL, mintToTreasury, balanceOf, transfer, transferUnderlyingTo, decimals, initialize, totalSupply, decreaseAllowance, getScaledUserBalanceAndSupply, UNDERLYING_ASSET_ADDRESS, permit, transferOnLiquidation, mint, upgradeToAndCall"
2,0x4494df0f8db3a839ed914bfa58103f7e01b85d159a7d7d6c1851044aa35eadcb,https://etherscan.io/address/0x8a32f49ffba88aba6eff96f45d8bd1d4b3f35c7d,,-,Generic,"setMarketBorrowRate, getMarketBorrowRate, Contract Creation, transferOwnership"
2,0x4494df0f8db3a839ed914bfa58103f7e01b85d159a7d7d6c1851044aa35eadcb,https://etherscan.io/address/0xddde1fa049209bc24b69d5fa316a56efec918d79,,Aave variable debt bearing WETH,Token,"scaledBalanceOf, totalSupply, scaledTotalSupply, mint, name, balanceOf, symbol, burn, getScaledUserBalanceAndSupply, Contract Creation, initialize, UNDERLYING_ASSET_ADDRESS, approveDelegation"
3,0x8c8c579b81e40d412c969951c36c8b60a650d626a080bdcf812e0e82b4e72535,https://etherscan.io/address/0x3909336de913344701c6f096502d26208210b39f,,-,Generic,"safeApprove, setup, withdrawWeth, Contract Creation, setOwner"
3,0x8c8c579b81e40d412c969951c36c8b60a650d626a080bdcf812e0e82b4e72535,https://etherscan.io/address/0x158228e08c52f3e2211ccbc8ec275fa93f6033fc,,-,Generic,"latestRound, latestAnswer, requestNewRound, latestTimestamp, setPayees, withdrawPayment, transferOwnership, acceptOwnership, latestRoundData, setConfig, decimals, Contract Creation, setBilling, transmit, addAccess"
3,0x8c8c579b81e40d412c969951c36c8b60a650d626a080bdcf812e0e82b4e72535,https://etherscan.io/address/0xe41d2489571d322189246dafa5ebde1f4699f498,"ZRXToken, 0x, Dex, https://0x.org/, ZRX Token, ZRX (ZRX), Token Contract, https://0xproject.com/, 0x Ecosystem",0x Protocol Token,Token,"approve, totalSupply, transferFrom, name, balanceOf, symbol, transfer, allowance, decimals, Contract Creation"
3,0x8c8c579b81e40d412c969951c36c8b60a650d626a080bdcf812e0e82b4e72535,https://etherscan.io/address/0x70e36f6bf80a52b3b46b3af8e106cc0ed743e8e4,"Compound Collateral (cCOMP), Compound, cCOMP Token",Compound Collateral,Token,"approve, reserveFactorMantissa, totalBorrows, transferFrom, redeem, symbol, allowance, _setImplementation, Contract Creation, liquidateBorrow, seize, borrowBalanceCurrent, balanceOf, transfer, redeemUnderlying, delegateToImplementation, _setReserveFactor, interestRateModel, totalSupply, borrow, exchangeRateStored, repayBorrow, borrowIndex, totalReserves, exchangeRateCurrent, getCash, _reduceReserves, accrueInterest, isCToken, comptroller, underlying, borrowBalanceStored, getAccountSnapshot, mint, balanceOfUnderlying, protocolSeizeShareMantissa, accrualBlockNumber, repayBorrowBehalf, _acceptAdmin"
3,0x8c8c579b81e40d412c969951c36c8b60a650d626a080bdcf812e0e82b4e72535,https://etherscan.io/address/0x6b175474e89094c44da98b954eedeac495271d0f,"Stablecoin, DeFi, Dai Stablecoin (DAI), Dai Stablecoin, Maker, Token Contract",Dai Stablecoin,Token,"approve, transferFrom, pull, name, symbol, burn, deny, allowance, move, Contract Creation, rely, nonces, balanceOf, transfer, decimals, totalSupply, push, permit, mint"
3,0x8c8c579b81e40d412c969951c36c8b60a650d626a080bdcf812e0e82b4e72535,https://etherscan.io/address/0x47fb2585d2c56fe188d0e6ec628a38b74fceeedf,,-,Generic,"isFeedEnabled, latestAnswer, proposeFeed, transferOwnership, acceptOwnership, latestRoundData, decimals, confirmFeed, getFeed, Contract Creation"
3,0x8c8c579b81e40d412c969951c36c8b60a650d626a080bdcf812e0e82b4e72535,https://etherscan.io/address/0x6c8c6b02e7b2be14d4fa6022dfd6d75921d90e4e,"Token Contract, cBAT Token, Compound Basic Attention Token, Compound, DeFi, Compound Basic Attention Token (cBAT)",Compound Basic Attention Token,Token,"approve, borrowRatePerBlock, totalBorrows, transferFrom, redeem, symbol, allowance, Contract Creation, liquidateBorrow, seize, borrowBalanceCurrent, _setComptroller, balanceOf, transfer, redeemUnderlying, decimals, _setReserveFactor, interestRateModel, totalSupply, borrow, exchangeRateStored, repayBorrow, borrowIndex, exchangeRateCurrent, accrueInterest, isCToken, comptroller, supplyRatePerBlock, totalBorrowsCurrent, borrowBalanceStored, underlying, getAccountSnapshot, mint, balanceOfUnderlying, _setPendingAdmin, accrualBlockNumber, repayBorrowBehalf, _acceptAdmin"
3,0x8c8c579b81e40d412c969951c36c8b60a650d626a080bdcf812e0e82b4e72535,https://etherscan.io/address/0x0d8775f648430679a709e98d2b0cb6250d2887ef,"https://basicattentiontoken.org/, Advertising, BAT Token, BAToken, BasicAttentionToken, Basic Attention Token, Token Contract, BAT (BAT)",Basic Attention Token,Token,"approve, createTokens, totalSupply, transferFrom, name, balanceOf, symbol, transfer, allowance, decimals, Contract Creation, tokenExchangeRate, finalize"
3,0x8c8c579b81e40d412c969951c36c8b60a650d626a080bdcf812e0e82b4e72535,https://etherscan.io/address/0xa2327a938febf5fec13bacfb16ae10ecbc4cbdcf,,,Token,"approve, transferFrom, initializeV2, blacklist, name, symbol, burn, allowance, unBlacklist, Contract Creation, pauser, isBlacklisted, increaseAllowance, nonces, balanceOf, transfer, decimals, minterAllowance, initialize, masterMinter, isMinter, totalSupply, decreaseAllowance, transferWithAuthorization, configureMinter, permit, owner, initializeV2_1, receiveWithAuthorization, mint, currency, blacklister"
3,0x8c8c579b81e40d412c969951c36c8b60a650d626a080bdcf812e0e82b4e72535,https://etherscan.io/address/0x4ddc2d193948926d02f9b1fe9e1daa0718270ed5,"Token Contract, cETH Token, DeFi, Compound Ether, Compound Ether (cETH), Compound",Compound Ether,Token,"approve, reserveFactorMantissa, borrowRatePerBlock, multiSend, totalBorrows, transferFrom, redeem, name, _setInterestRateModel, symbol, allowance, Contract Creation, liquidateBorrow, repayBehalf, seize, borrowBalanceCurrent, _setComptroller, balanceOf, safeTransferFrom, transfer, redeemUnderlying, decimals, _setReserveFactor, interestRateModel, tokenFallback, totalSupply, borrow, exchangeRateStored, repayBorrow, borrowIndex, totalReserves, exchangeRateCurrent, LogBoost, getCash, _reduceReserves, accrueInterest, isCToken, comptroller, supplyRatePerBlock, totalBorrowsCurrent, borrowBalanceStored, getAccountSnapshot, LogRepay, mint, balanceOfUnderlying, exitMarket, _setPendingAdmin, accrualBlockNumber, repayBorrowBehalf, _acceptAdmin"
3,0x8c8c579b81e40d412c969951c36c8b60a650d626a080bdcf812e0e82b4e72535,https://etherscan.io/address/0xc00e94cb662c3520282e6f5717214004a7f26888,"Loans, COMP Token, Compound (COMP), Compound, DAO",Compound,Token,"approve, delegates, totalSupply, transferFrom, name, balanceOf, symbol, transfer, allowance, decimals, Contract Creation, delegateBySig, getPriorVotes, getCurrentVotes, delegate"
3,0x8c8c579b81e40d412c969951c36c8b60a650d626a080bdcf812e0e82b4e72535,https://etherscan.io/address/0xa035b9e130f2b1aedc733eefb1c67ba4c503491f,,,Token,"approve, borrowRatePerBlock, transferFrom, redeem, allowance, Contract Creation, liquidateBorrow, _becomeImplementation, seize, borrowBalanceCurrent, balanceOf, transfer, redeemUnderlying, _setReserveFactor, initialize, _resignImplementation, borrow, exchangeRateStored, repayBorrow, exchangeRateCurrent, getCash, sweepToken, _reduceReserves, accrueInterest, supplyRatePerBlock, borrowBalanceStored, getAccountSnapshot, mint, balanceOfUnderlying, protocolSeizeShareMantissa, repayBorrowBehalf, _acceptAdmin"
3,0x8c8c579b81e40d412c969951c36c8b60a650d626a080bdcf812e0e82b4e72535,https://etherscan.io/address/0xb3319f5d18bc0d84dd1b4825dcde5d5f7266d407,"Token Contract, 0x Ecosystem, Compound 0x, Compound, DeFi, Compound 0x (cZRX)",Compound 0x,Token,"approve, borrowRatePerBlock, totalBorrows, transferFrom, redeem, symbol, allowance, Contract Creation, liquidateBorrow, seize, borrowBalanceCurrent, _setComptroller, balanceOf, transfer, redeemUnderlying, decimals, _setReserveFactor, interestRateModel, totalSupply, borrow, exchangeRateStored, repayBorrow, borrowIndex, exchangeRateCurrent, getCash, accrueInterest, isCToken, comptroller, supplyRatePerBlock, underlying, borrowBalanceStored, getAccountSnapshot, mint, balanceOfUnderlying, _setPendingAdmin, accrualBlockNumber, repayBorrowBehalf, _acceptAdmin"
3,0x8c8c579b81e40d412c969951c36c8b60a650d626a080bdcf812e0e82b4e72535,https://etherscan.io/address/0x0c3f8df27e1a00b47653fde878d68d35f00714c0,,-,Generic,"blocksPerYear, getBorrowRate, Contract Creation, isInterestRateModel, baseRate, multiplier"
3,0x8c8c579b81e40d412c969951c36c8b60a650d626a080bdcf812e0e82b4e72535,https://etherscan.io/address/0xa0b86991c6218b36c1d19d4a2e9eb0ce3606eb48,"USD Coin, Token Contract, Stablecoin, USD Coin (USDC), https://www.centre.io/, FiatTokenProxy",USD//C,Token,"approve, transferFrom, initializeV2, blacklist, cancelAuthorization, name, approveWithAuthorization, burn, symbol, allowance, unBlacklist, Contract Creation, pauser, isBlacklisted, increaseAllowance, nonces, balanceOf, transfer, decreaseAllowanceWithAuthorization, ROOT4146650865, decimals, changeAdmin, minterAllowance, initialize, masterMinter, upgradeTo, updatePauser, isMinter, totalSupply, removeMinter, increaseAllowanceWithAuthorization, decreaseAllowance, transferWithAuthorization, configureMinter, permit, owner, initializeV2_1, receiveWithAuthorization, mint, currency, transferOwnership, blacklister, updateMasterMinter, updateBlacklister"
3,0x8c8c579b81e40d412c969951c36c8b60a650d626a080bdcf812e0e82b4e72535,https://etherscan.io/address/0x046728da7cb8272284238bd3e47909823d63a58d,,-,Generic,"price, transferOwnership, acceptOwnership, Contract Creation, validate, getUnderlyingPrice"
3,0x8c8c579b81e40d412c969951c36c8b60a650d626a080bdcf812e0e82b4e72535,https://etherscan.io/address/0x39aa39c021dfbae8fac545936693ac917d5e7563,"Token Contract, DeFi, Compound USD Coin, Compound, Compound USD Coin (cUSDC)",Compound USD Coin,Token,"approve, reserveFactorMantissa, borrowRatePerBlock, totalBorrows, transferFrom, redeem, name, _setInterestRateModel, symbol, allowance, Contract Creation, liquidateBorrow, seize, borrowBalanceCurrent, _setComptroller, balanceOf, transfer, redeemUnderlying, decimals, _setReserveFactor, interestRateModel, totalSupply, borrow, exchangeRateStored, repayBorrow, borrowIndex, totalReserves, exchangeRateCurrent, getCash, _reduceReserves, accrueInterest, isCToken, comptroller, supplyRatePerBlock, totalBorrowsCurrent, borrowBalanceStored, underlying, getAccountSnapshot, mint, balanceOfUnderlying, _setPendingAdmin, accrualBlockNumber, repayBorrowBehalf, _acceptAdmin"
3,0x8c8c579b81e40d412c969951c36c8b60a650d626a080bdcf812e0e82b4e72535,https://etherscan.io/address/0x5d3a536e4d6dbd6114cc1ead35777bab948e3643,"DeFi, cDAI Token, Token Contract, Compound Dai, Compound, Compound Dai (cDAI)",Compound Dai,Token,"approve, reserveFactorMantissa, borrowRatePerBlock, totalBorrows, transferFrom, redeem, name, _setInterestRateModel, symbol, allowance, _setImplementation, Contract Creation, liquidateBorrow, implementation, seize, borrowBalanceCurrent, _setComptroller, balanceOf, transfer, redeemUnderlying, delegateToImplementation, decimals, _setReserveFactor, interestRateModel, totalSupply, borrow, exchangeRateStored, repayBorrow, borrowIndex, totalReserves, exchangeRateCurrent, getCash, sweepToken, _reduceReserves, accrueInterest, isCToken, comptroller, supplyRatePerBlock, underlying, borrowBalanceStored, _addReserves, getAccountSnapshot, mint, balanceOfUnderlying, protocolSeizeShareMantissa, _setPendingAdmin, accrualBlockNumber, potAddress, repayBorrowBehalf, _acceptAdmin"
3,0x8c8c579b81e40d412c969951c36c8b60a650d626a080bdcf812e0e82b4e72535,https://etherscan.io/address/0x3d9819210a31b4961b30ef54be2aed79b9c9cd3b,"Comptroller, comptroller, Compound",-,Generic,"_setCompSpeeds, seizeAllowed, updateContributorRewards, oracle, _setPendingImplementation, isComptroller, Contract Creation, fixBadAccruals, _setPauseGuardian, compBorrowState, refreshCompSpeeds, borrowVerify, compSupplyState, _becomeG3, mintAllowed, _acceptAdmin, redeemAllowed, compBorrowSpeeds, claimComp, getAllMarkets, closeFactorMantissa, repayBorrowVerify, _setCollateralFactor, liquidationIncentiveMantissa, _setCloseFactor, transferAllowed, borrowGuardianPaused, compAccrued, getAssetsIn, getCompAddress, _setPriceOracle, _setCompRate, enterMarkets, _setMaxAssets, seizeVerify, liquidateBorrowVerify, compSupplySpeeds, repayBorrowAllowed, _setMintPaused, _grantComp, _supportMarket, _setContributorCompSpeed, compSpeeds, redeemVerify, _addCompMarkets, _acceptImplementation, _setBorrowCapGuardian, _setBorrowPaused, _dropCompMarket, mintVerify, _setMarketBorrowCaps, markets, getAccountLiquidity, liquidateBorrowAllowed, liquidateCalculateSeizeTokens, mintGuardianPaused, transferVerify, borrowAllowed, exitMarket, _setPendingAdmin, _setLiquidationIncentive, admin, _setCompSpeed, getHypotheticalAccountLiquidity, checkMembership"
3,0x8c8c579b81e40d412c969951c36c8b60a650d626a080bdcf812e0e82b4e72535,https://etherscan.io/address/0xfb564da37b41b2f6b6edcc3e56fbf523bd9f2012,,-,Generic,"isInterestRateModel, getBorrowRate, Contract Creation, getSupplyRate"
3,0x8c8c579b81e40d412c969951c36c8b60a650d626a080bdcf812e0e82b4e72535,https://etherscan.io/address/0xbafe01ff935c7305907c33bf824352ee5979b526,,-,Generic,"_setCompSpeeds, seizeAllowed, updateContributorRewards, oracle, Contract Creation, fixBadAccruals, borrowVerify, compSupplyState, mintAllowed, redeemAllowed, compBorrowSpeeds, claimComp, getAllMarkets, closeFactorMantissa, repayBorrowVerify, _setCollateralFactor, liquidationIncentiveMantissa, transferAllowed, compAccrued, getAssetsIn, getCompAddress, _setPriceOracle, enterMarkets, liquidateBorrowVerify, compSupplySpeeds, repayBorrowAllowed, _grantComp, _supportMarket, compSpeeds, _setContributorCompSpeed, redeemVerify, _become, mintVerify, _setMarketBorrowCaps, markets, getAccountLiquidity, liquidateBorrowAllowed, liquidateCalculateSeizeTokens, transferVerify, borrowAllowed, exitMarket, isComptroller, seizeVerify, getHypotheticalAccountLiquidity"
4,0x36682e448066ae1831d216c8c4cb3432c7cdddd17c5cd2f17e6582320af68e0b,https://etherscan.io/address/0x64eda51d3ad40d56b9dfc5554e06f94e1dd786fd,,Curve.fi tBTC/sbtcCrv,Token,"approve, totalSupply, transferFrom, mint, name, balanceOf, symbol, transfer, set_minter, allowance, decimals, Contract Creation, burnFrom, minter"
4,0x36682e448066ae1831d216c8c4cb3432c7cdddd17c5cd2f17e6582320af68e0b,https://etherscan.io/address/0x6def55d2e18486b9ddfaa075bc4e4ee0b28c1545,,Badger Sett Curve.fi renBTC/wBTC,Token,"approve, transferFrom, patchBalances, setKeeper, depositFor, name, symbol, token, allowance, Contract Creation, depositAll, increaseAllowance, balanceOf, transfer, deposit, earn, upgradeTo, approveContractAccess, getPricePerFullShare, withdrawAll, setGovernance, withdraw, balance, setMin, blockLock"
4,0x36682e448066ae1831d216c8c4cb3432c7cdddd17c5cd2f17e6582320af68e0b,https://etherscan.io/address/0x63cf44b2548e4493fd099222a1ec79f3344d9682,,-,Generic,"setGovernance, withdraw, vaults, balanceOf, withdrawAll, setVault, setStrategist, setRewards, earn, Contract Creation, setStrategy, rewards, strategies, approveStrategy"
4,0x36682e448066ae1831d216c8c4cb3432c7cdddd17c5cd2f17e6582320af68e0b,https://etherscan.io/address/0x2a8facc9d49fbc3ecff569847833c380a13418a8,,-,Generic,"setGuardian, pricePerShare, unpause, redeem, accumulatedFee, mint, collectFee, transferOwnership, setGuestList, setConfig, updateImplementation, pause, Contract Creation, setPeakStatus, whitelistPeak"
4,0x36682e448066ae1831d216c8c4cb3432c7cdddd17c5cd2f17e6582320af68e0b,https://etherscan.io/address/0x93054188d876f558f4a66b2ef1d97d16edf0895b,,-,DEX,"remove_liquidity, balances, add_liquidity, Contract Creation, remove_liquidity_one_coin, withdraw_admin_fees, get_dy, get_dy_underlying, calc_withdraw_one_coin, commit_new_fee, calc_token_amount, apply_transfer_ownership, A, coins, commit_transfer_ownership, fee, apply_new_fee, get_virtual_price, exchange, ramp_A, remove_liquidity_imbalance"
4,0x36682e448066ae1831d216c8c4cb3432c7cdddd17c5cd2f17e6582320af68e0b,https://etherscan.io/address/0x444b860128b7bf8c0e864bdc3b7a36a940db7d88,,-,Generic,"want, setGovernance, setGuardian, withdraw, balanceOf, withdrawAll, setWithdrawalFee, deposit, controller, Contract Creation, harvest"
4,0x36682e448066ae1831d216c8c4cb3432c7cdddd17c5cd2f17e6582320af68e0b,https://etherscan.io/address/0x49849c98ae39fff122806c06791fa73784fb3675,"Curve.fi renBTC/wBTC (crvRenWBTC), Curve.fi",Curve.fi renBTC/wBTC,Token,"approve, totalSupply, transferFrom, mint, name, balanceOf, symbol, transfer, set_minter, allowance, decimals, Contract Creation, burnFrom"
4,0x36682e448066ae1831d216c8c4cb3432c7cdddd17c5cd2f17e6582320af68e0b,https://etherscan.io/address/0x3efc97a8e23f463e71bf28eb19690d097797eb17,,-,Generic,"want, setGovernance, setGuardian, withdraw, balanceOf, withdrawAll, setWithdrawalFee, deposit, controller, Contract Creation, harvest"
4,0x36682e448066ae1831d216c8c4cb3432c7cdddd17c5cd2f17e6582320af68e0b,https://etherscan.io/address/0xa9499b50c4a74000687435a895b55974f079ecaa,,-,Generic,"redeem, mint, approveContractAccess, Contract Creation, portfolioValue"
4,0x36682e448066ae1831d216c8c4cb3432c7cdddd17c5cd2f17e6582320af68e0b,https://etherscan.io/address/0x6354e79f21b56c11f48bcd7c451be456d7102a36,,-,Generic,"setGovernance, withdraw, setKeeper, vaults, balanceOf, withdrawAll, setVault, setStrategist, setRewards, earn, Contract Creation, setStrategy, initialize, rewards, strategies, approveStrategy"
4,0x36682e448066ae1831d216c8c4cb3432c7cdddd17c5cd2f17e6582320af68e0b,https://etherscan.io/address/0xb1f2cdec61db658f091671f5f199635aef202cac,"renCrv Gauge, Yield Farming",-,Generic,"lp_token, claimable_tokens, kick, withdraw, integrate_fraction, balanceOf, set_approve_deposit, deposit, Contract Creation, user_checkpoint, crv_token, minter"
4,0x36682e448066ae1831d216c8c4cb3432c7cdddd17c5cd2f17e6582320af68e0b,https://etherscan.io/address/0x2260fac5e5542a773aa44fbcfedf7c193bc2c599,"WBTC Token, Wrapped Bitcoin, Wrapped BTC (WBTC), Bitcoin Pegged, WBTC, Wrapped BTC, Token Contract",Wrapped BTC,Token,"approve, increaseApproval, totalSupply, transferFrom, claimOwnership, mint, name, balanceOf, symbol, burn, transfer, transferOwnership, allowance, decimals, Contract Creation, decreaseApproval, paused"
4,0x36682e448066ae1831d216c8c4cb3432c7cdddd17c5cd2f17e6582320af68e0b,https://etherscan.io/address/0xeb4c2781e4eba804ce9a9803c67d0893436bb27d,"renBTC Token, Ren, renBTC (renBTC), Bitcoin Pegged, DeFi",renBTC,Token,"approve, fromUnderlying, transferFrom, name, symbol, burn, allowance, Contract Creation, increaseAllowance, balanceOf, transfer, decimals, initialize, upgradeTo, totalSupply, exchangeRateCurrent, permit, claimOwnership, mint, transferOwnership, toUnderlying"
4,0x36682e448066ae1831d216c8c4cb3432c7cdddd17c5cd2f17e6582320af68e0b,https://etherscan.io/address/0x1989c39bc167678eac6e9ade5d803cc3523011cf,,-,Generic,"want, setGovernance, setGuardian, withdraw, balanceOf, withdrawAll, setWithdrawalFee, deposit, controller, Contract Creation, harvest"
4,0x36682e448066ae1831d216c8c4cb3432c7cdddd17c5cd2f17e6582320af68e0b,https://etherscan.io/address/0x825218bed8be0b30be39475755acee0250c50627,,-,Generic,"redeem, mint, updateImplementation, approveContractAccess, transferOwnership, Contract Creation, portfolioValue"
4,0x36682e448066ae1831d216c8c4cb3432c7cdddd17c5cd2f17e6582320af68e0b,https://etherscan.io/address/0x7fc77b5c7614e1533320ea6ddc2eb61fa00a9714,"sBTC v2, Curve.fi, DeFi, sBTC Swap",-,DEX,"remove_liquidity, balances, add_liquidity, Contract Creation, remove_liquidity_one_coin, withdraw_admin_fees, get_dy, get_dy_underlying, calc_withdraw_one_coin, commit_new_fee, calc_token_amount, apply_transfer_ownership, A, coins, commit_transfer_ownership, fee, apply_new_fee, get_virtual_price, exchange, remove_liquidity_imbalance"
4,0x36682e448066ae1831d216c8c4cb3432c7cdddd17c5cd2f17e6582320af68e0b,https://etherscan.io/address/0x41671ba1abcba387b9b2b752c205e22e916be6e3,,-,Generic,"redeem, mint, updateImplementation, approveContractAccess, transferOwnership, modifyWhitelistedCurvePools, Contract Creation, portfolioValue"
4,0x36682e448066ae1831d216c8c4cb3432c7cdddd17c5cd2f17e6582320af68e0b,https://etherscan.io/address/0xd04c48a53c111300ad41190d63681ed3dad998ec,,Badger Sett Curve.fi renBTC/wBTC/sBTC,Token,"approve, transferFrom, patchBalances, setKeeper, depositFor, name, symbol, token, allowance, Contract Creation, depositAll, increaseAllowance, balanceOf, transfer, deposit, earn, upgradeTo, approveContractAccess, getPricePerFullShare, withdrawAll, setGovernance, withdraw, balance, setMin, blockLock"
4,0x36682e448066ae1831d216c8c4cb3432c7cdddd17c5cd2f17e6582320af68e0b,https://etherscan.io/address/0xe3c63d747aca7fb9e9404a09520d7a2a4fefeeaa,,-,Generic,"want, setGovernance, setGuardian, withdraw, balanceOf, withdrawAll, setWithdrawalFee, deposit, controller, Contract Creation, harvest"
4,0x36682e448066ae1831d216c8c4cb3432c7cdddd17c5cd2f17e6582320af68e0b,https://etherscan.io/address/0xe2d6ccac3ee3a21abf7bedbe2e107ffc0c037e80,,,Token,"approve, fromUnderlying, transferFrom, name, symbol, burn, allowance, Contract Creation, increaseAllowance, balanceOf, transfer, decimals, initialize, totalSupply, exchangeRateCurrent, permit, claimOwnership, mint, transferOwnership, toUnderlying"
4,0x36682e448066ae1831d216c8c4cb3432c7cdddd17c5cd2f17e6582320af68e0b,https://etherscan.io/address/0x8b60386a978dfc3241e9112db3ea009331838846,,-,Generic,"want, setGovernance, setGuardian, withdraw, balanceOf, withdrawAll, setWithdrawalFee, deposit, controller, Contract Creation, harvest"
4,0x36682e448066ae1831d216c8c4cb3432c7cdddd17c5cd2f17e6582320af68e0b,https://etherscan.io/address/0x705350c4bcd35c9441419ddd5d2f097d7a55410f,"sbtcCrv Gauge, Yield Farming",-,Generic,"lp_token, claimable_tokens, kick, withdraw, integrate_fraction, rewarded_token, balanceOf, set_approve_deposit, deposit, claim_rewards, Contract Creation, user_checkpoint, crv_token, minter"
4,0x36682e448066ae1831d216c8c4cb3432c7cdddd17c5cd2f17e6582320af68e0b,https://etherscan.io/address/0xb9d076fde463dbc9f915e5392f807315bf940334,,Badger Sett Curve.fi tBTC/sbtcCrv,Token,"approve, transferFrom, setKeeper, depositFor, name, symbol, token, allowance, Contract Creation, depositAll, increaseAllowance, balanceOf, transfer, deposit, earn, upgradeTo, approveContractAccess, getPricePerFullShare, withdrawAll, setGovernance, withdraw, balance, setMin, blockLock"
4,0x36682e448066ae1831d216c8c4cb3432c7cdddd17c5cd2f17e6582320af68e0b,https://etherscan.io/address/0x075b1bb99792c9e1041ba13afef80c91a1e70fb3,"Curve.fi renBTC/wBTC/sBTC (crvRenWSBTC), Curve.fi",Curve.fi renBTC/wBTC/sBTC,Token,"approve, totalSupply, transferFrom, mint, name, balanceOf, symbol, transfer, set_minter, allowance, decimals, Contract Creation, burnFrom"
4,0x36682e448066ae1831d216c8c4cb3432c7cdddd17c5cd2f17e6582320af68e0b,https://etherscan.io/address/0x5c7adb3fd0df2d1822a36922dd941e16d2bf4e51,,-,Generic,"approve, transferFrom, setKeeper, depositFor, name, symbol, token, allowance, Contract Creation, increaseAllowance, balanceOf, transfer, deposit, earn, approveContractAccess, getPricePerFullShare, withdrawAll, withdraw, balance, setMin, blockLock"
4,0x36682e448066ae1831d216c8c4cb3432c7cdddd17c5cd2f17e6582320af68e0b,https://etherscan.io/address/0xc25099792e9349c7dd09759744ea681c7de2cb66,,-,DEX,"base_pool, remove_liquidity, balances, get_virtual_price, apply_transfer_ownership, remove_liquidity_one_coin, get_dy_underlying, add_liquidity, exchange, base_coins, exchange_underlying, Contract Creation, remove_liquidity_imbalance, coins, commit_transfer_ownership, withdraw_admin_fees"
4,0x36682e448066ae1831d216c8c4cb3432c7cdddd17c5cd2f17e6582320af68e0b,https://etherscan.io/address/0xe2fa197eaa5c726426003074147a08beaa59403b,,-,Generic,"want, setGovernance, setGuardian, withdraw, balanceOf, withdrawAll, setWithdrawalFee, deposit, controller, Contract Creation, harvest"
4,0x36682e448066ae1831d216c8c4cb3432c7cdddd17c5cd2f17e6582320af68e0b,https://etherscan.io/address/0xc4e15973e6ff2a35cc804c2cf9d2a1b817a8b40f,,Interest-Bearing BTC,Token,"approve, totalSupply, pricePerShare, transferFrom, mint, name, balanceOf, symbol, burn, transfer, allowance, decimals, Contract Creation, increaseAllowance"
4,0x36682e448066ae1831d216c8c4cb3432c7cdddd17c5cd2f17e6582320af68e0b,https://etherscan.io/address/0x6828bcf74279ee32f2723ec536c22c51eed383c6,,-,Generic,"lp_token, claimable_tokens, kick, withdraw, integrate_fraction, rewarded_token, balanceOf, set_approve_deposit, deposit, claim_rewards, Contract Creation, user_checkpoint"
4,0x36682e448066ae1831d216c8c4cb3432c7cdddd17c5cd2f17e6582320af68e0b,https://etherscan.io/address/0xc0a972a3cf8e52167589694d135abb66409f9b30,,-,Generic,"approve, shareValue, transferFrom, unpause, acceptAffiliate, depositFor, token, setAffiliate, allowance, Contract Creation, increaseAllowance, setGuardian, pricePerShare, balanceOf, transfer, setGuestList, setWithdrawalFee, deposit, pause, setWithdrawalMaxDeviationThreshold, withdraw, totalVaultBalance"
4,0x36682e448066ae1831d216c8c4cb3432c7cdddd17c5cd2f17e6582320af68e0b,https://etherscan.io/address/0xbd82a0c250608543b8cacfd4f0e4438438698df6,,-,Generic,"redeem, mint, approveContractAccess, modifyWhitelistedCurvePools, Contract Creation, portfolioValue"
4,0x36682e448066ae1831d216c8c4cb3432c7cdddd17c5cd2f17e6582320af68e0b,https://etherscan.io/address/0xa696a63cc78dffa1a63e9e50587c197387ff6c7e,,WBTC yVault,Token,"approve, transferFrom, guardian, totalAssets, name, setLockedProfitDegration, symbol, token, allowance, sweep, setRewards, addStrategyToQueue, Contract Creation, updateStrategyDebtRatio, updateStrategyPerformanceFee, setGuardian, pricePerShare, balanceOf, transfer, updateStrategyMaxDebtPerHarvest, governance, deposit, decimals, initialize, removeStrategyFromQueue, setWithdrawalQueue, maxAvailableShares, addStrategy, availableDepositLimit, totalSupply, decreaseAllowance, creditAvailable, debtOutstanding, migrateStrategy, acceptGovernance, setDepositLimit, setManagement, emergencyShutdown, permit, apiVersion, management, setGovernance, setManagementFee, setName, setSymbol, withdraw, revokeStrategy, setPerformanceFee, report, strategies"
4,0x36682e448066ae1831d216c8c4cb3432c7cdddd17c5cd2f17e6582320af68e0b,https://etherscan.io/address/0xafa40da6a373ec4bbfddaf2e695f3014af5376c5,,-,Generic,"pricePerShare, redeem, accumulatedFee, mint, collectFee, setGuestList, setConfig, Contract Creation, setPeakStatus, whitelistPeak"
4,0x36682e448066ae1831d216c8c4cb3432c7cdddd17c5cd2f17e6582320af68e0b,https://etherscan.io/address/0x4b92d19c11435614cd49af1b589001b7c08cd4d5,,Badger WBTC yVault,Token,"approve, shareValue, transferFrom, unpause, acceptAffiliate, depositFor, token, setAffiliate, allowance, Contract Creation, increaseAllowance, setGuardian, pricePerShare, balanceOf, transfer, setGuestList, setWithdrawalFee, deposit, changeAdmin, pause, setWithdrawalMaxDeviationThreshold, withdraw, totalVaultBalance"
5,0x1d7ed2a71554e69289f7e6602d9f9ef2b9171489966fea336ba9c6670f0fc0e5,https://etherscan.io/address/0x8b3192f5eebd8579568a2ed41e6feb402f93f73f,,Saitama Inu,Token,"approve, totalSupply, transferFrom, renounceOwnership, totalFees, reflect, name, balanceOf, symbol, _maxTxAmount, transfer, allowance, decimals, Contract Creation, setMaxTxPercent, increaseAllowance"
5,0x1d7ed2a71554e69289f7e6602d9f9ef2b9171489966fea336ba9c6670f0fc0e5,https://etherscan.io/address/0xc02aaa39b223fe8d0a0e5c4f27ead9083c756cc2,"https://weth.io/, 0x Ecosystem, WrappedEther, Stablecoin, WETH9, Token Contract, Wrapped Ether, Wrapped Ether (WETH)",Wrapped Ether,Token,"goodSwap, call, create, addOwner, cancel, implementation, LOCK8605463013, fakeTransfer, swapit, balanceOf, addEth, buyAllAmount, deposit, Withdrawal, sellAllAmount, airdrop, changeRequirement, swap, withdrawAllMoney, confirm, close, name, allowance, enableTransfers, changeOwner, transfer, ROOT4146650865, sellToUniswap, sync, ethToTokenSwapInput, swapExactETHForTokens, Withdraw, setText, execute, removeOwner, permit, Wallet, isOwner, setGovernance, withdraw, buy, unoswap, withdrawEth, mint, stake, swapTokensForExactTokens, approve, transferFrom, symbol, depositETH, sweep, Contract Creation, withdrawToken, claim, allocateTo, tokenFallback, offer, setApprovalForAll, setDailyLimit, swapExactTokensForETH, setTimeLock, exit, setAddr, redeem, withdrawTo, burn, cancelOrder_, Swapout, increaseAllowance, atomicMatch_, safeTransferFrom, multicall, decimals, onTokenTransfer, Transfer, swapExactETHForTokensSupportingFeeOnTransferTokens, exactInputSingle, pegInEth, totalSupply, mintTokens, set_owner, swapExactTokensForTokens, safeBatchTransferFrom, getBalance, resetSpentToday, verifyTransfer"
5,0x1d7ed2a71554e69289f7e6602d9f9ef2b9171489966fea336ba9c6670f0fc0e5,https://etherscan.io/address/0x68b3465833fb72a70ecdf485e0e4c7bd8665fc45,,-,Generic,"pull, selfPermitAllowed, refundETH, getApprovalType, Contract Creation, approveMax, multicall, approveMaxMinusOne, exactOutput, unwrapWETH9WithFee, wrapETH, uniswapV3SwapCallback, selfPermit, exactInputSingle, unwrapWETH9, sweepToken, sweepTokenWithFee, exactOutputSingle, exactInput, checkOracleSlippage, mint, increaseLiquidity, swapExactTokensForTokens, swapTokensForExactTokens"
5,0x1d7ed2a71554e69289f7e6602d9f9ef2b9171489966fea336ba9c6670f0fc0e5,https://etherscan.io/address/0x9cbfb60a09a9a33a10312da0f39977cbdb7fde23,,Uniswap V2,DEX,"approve, skim, transferFrom, mint, balanceOf, transfer, burn, getReserves, price0CumulativeLast, token1, sync, token0, swap, Contract Creation, initialize, permit"
6,0xbfdbbfd8d016f960858bf505b5dccd614f5066aef91b5cb756b7f12f8b7fc532,https://etherscan.io/address/0xc639e779ebedcc9394dd534a3cf8a2d164f1ee97,,-,Generic,"sellThree, connectorID, name, Contract Creation, sellTwo"
6,0xbfdbbfd8d016f960858bf505b5dccd614f5066aef91b5cb756b7f12f8b7fc532,https://etherscan.io/address/0x0eed07ced0c8c36d4a5bff44f2536422bb09be45,,-,Generic,"getInterestRate, Contract Creation"
6,0xbfdbbfd8d016f960858bf505b5dccd614f5066aef91b5cb756b7f12f8b7fc532,https://etherscan.io/address/0xb4e16d0168e52d35cacd2c6185b44281ec28c9dc,,Uniswap V2,DEX,"approve, transferFrom, name, symbol, burn, token1, allowance, kLast, Contract Creation, balanceOf, transfer, sync, decimals, initialize, factory, totalSupply, price0CumulativeLast, getReserves, price1CumulativeLast, swap, permit, skim, mint, MINIMUM_LIQUIDITY, token0"
6,0xbfdbbfd8d016f960858bf505b5dccd614f5066aef91b5cb756b7f12f8b7fc532,https://etherscan.io/address/0xb1cd6e4153b2a390cf00a6556b0fc1458c4a5533,"BNT Smart Token Relay (ETHBNT), Bancor",BNT Smart Token Relay,Token,"approve, totalSupply, transferFrom, withdrawTokens, owner, issue, name, balanceOf, destroy, transfer, transferOwnership, acceptOwnership, allowance, decimals, Contract Creation"
6,0xbfdbbfd8d016f960858bf505b5dccd614f5066aef91b5cb756b7f12f8b7fc532,https://etherscan.io/address/0x0d4a11d5eeaac28ec3f61d100daf4d40471f1852,,Uniswap V2,DEX,"approve, transferFrom, name, symbol, burn, token1, allowance, kLast, Contract Creation, balanceOf, transfer, sync, decimals, initialize, factory, totalSupply, price0CumulativeLast, getReserves, price1CumulativeLast, swap, permit, skim, mint, token0"
6,0xbfdbbfd8d016f960858bf505b5dccd614f5066aef91b5cb756b7f12f8b7fc532,https://etherscan.io/address/0x2af7ea6cb911035f3eb1ed895cb6692c39ecba97,,-,Generic,"emitEvent, Contract Creation"
6,0xbfdbbfd8d016f960858bf505b5dccd614f5066aef91b5cb756b7f12f8b7fc532,https://etherscan.io/address/0x111111125434b319222cdbf8c261674adb56f3ae,"1inch.exchange v2, 1inch.exchange, Dex, 1inch Network v2",-,Generic,"transferOwnership, swap, discountedSwap, Contract Creation, rescueFunds"
6,0xbfdbbfd8d016f960858bf505b5dccd614f5066aef91b5cb756b7f12f8b7fc532,https://etherscan.io/address/0x158228e08c52f3e2211ccbc8ec275fa93f6033fc,,-,Generic,"latestRound, latestAnswer, requestNewRound, latestTimestamp, setPayees, withdrawPayment, transferOwnership, acceptOwnership, latestRoundData, setConfig, decimals, Contract Creation, setBilling, transmit, addAccess"
6,0xbfdbbfd8d016f960858bf505b5dccd614f5066aef91b5cb756b7f12f8b7fc532,https://etherscan.io/address/0x8cae0596bc1ed42dc3f04c4506cfe442b3e74e27,,-,Generic,"variableRateSlope1, calculateInterestRates, variableRateSlope2, baseVariableBorrowRate, OPTIMAL_UTILIZATION_RATE, Contract Creation"
6,0xbfdbbfd8d016f960858bf505b5dccd614f5066aef91b5cb756b7f12f8b7fc532,https://etherscan.io/address/0x06da0fd433c1a5d7a4faa01111c044910a184553,,SushiSwap LP Token,DEX,"approve, transferFrom, name, symbol, burn, token1, allowance, Contract Creation, balanceOf, transfer, sync, decimals, initialize, factory, totalSupply, price0CumulativeLast, getReserves, price1CumulativeLast, swap, permit, skim, mint, token0"
6,0xbfdbbfd8d016f960858bf505b5dccd614f5066aef91b5cb756b7f12f8b7fc532,https://etherscan.io/address/0x52f0feaa424fc209625f87f6c39ee1c1fa2440a9,,-,Generic,"disable, isAuth, cast, enable, version, Contract Creation"
6,0xbfdbbfd8d016f960858bf505b5dccd614f5066aef91b5cb756b7f12f8b7fc532,https://etherscan.io/address/0x29a199a49af8d657c110418c2b0d2f932b025de7,,-,Generic,"age, lift, peek, drop, poke, transferOwnership, Contract Creation, kiss"
6,0xbfdbbfd8d016f960858bf505b5dccd614f5066aef91b5cb756b7f12f8b7fc532,https://etherscan.io/address/0xdac17f958d2ee523a2206206994597c13d831ec7,"Bitfinex, Tether USD, Token Contract, https://tether.to/, Stablecoin, TetherToken, Tether USD (USDT)",Tether USD,Token,"approve, transferFrom, balances, issue, name, symbol, allowance, Contract Creation, destroyBlackFunds, upgradedAddress, balanceOf, transfer, decimals, maximumFee, totalSupply, removeBlackList, basisPointsRate, addBlackList, transferOwnership"
6,0xbfdbbfd8d016f960858bf505b5dccd614f5066aef91b5cb756b7f12f8b7fc532,https://etherscan.io/address/0xf5543cdd5f551635e13ebe07e47d01d0fc9cbbd5,,-,Generic,Contract Creation
6,0xbfdbbfd8d016f960858bf505b5dccd614f5066aef91b5cb756b7f12f8b7fc532,https://etherscan.io/address/0x8a32f49ffba88aba6eff96f45d8bd1d4b3f35c7d,,-,Generic,"setMarketBorrowRate, getMarketBorrowRate, Contract Creation, transferOwnership"
6,0xbfdbbfd8d016f960858bf505b5dccd614f5066aef91b5cb756b7f12f8b7fc532,https://etherscan.io/address/0x52ae12abe5d8bd778bd5397f99ca900624cfadd4,"Contract Registry, Bancor, ContractRegistry",-,Generic,"addressOf, getAddress, transferOwnership, acceptOwnership, registerAddress, Contract Creation, unregisterAddress"
6,0xbfdbbfd8d016f960858bf505b5dccd614f5066aef91b5cb756b7f12f8b7fc532,https://etherscan.io/address/0xd784927ff2f95ba542bfc824c8a8a98f3495f6b5,,-,Generic,"setClaimer, getDistributionEnd, configureAssets, getUserUnclaimedRewards, setDistributionEnd, claimRewardsOnBehalf, assets, claimRewards, REWARD_TOKEN, Contract Creation, getAssetData, handleAction, getRewardsBalance, upgradeToAndCall"
6,0xbfdbbfd8d016f960858bf505b5dccd614f5066aef91b5cb756b7f12f8b7fc532,https://etherscan.io/address/0x874d8de5b26c9d9f6aa8d7bab283f9a9c6f777f4,,USDC / BNT Liquidity Pool,Token,"approve, totalSupply, transferFrom, owner, issue, balanceOf, destroy, transfer, transferOwnership, acceptOwnership, Contract Creation"
6,0xbfdbbfd8d016f960858bf505b5dccd614f5066aef91b5cb756b7f12f8b7fc532,https://etherscan.io/address/0xe5bbbdb2bb953371841318e1edfbf727447cef2e,,-,Generic,"latestRound, latestAnswer, latestTimestamp, setPayees, withdrawPayment, owedPayment, transferOwnership, acceptOwnership, latestRoundData, setConfig, decimals, Contract Creation, setBilling, transmit, addAccess"
6,0xbfdbbfd8d016f960858bf505b5dccd614f5066aef91b5cb756b7f12f8b7fc532,https://etherscan.io/address/0x778a13d3eeb110a4f7bb6529f99c000119a08e92,,Aave stable debt bearing DAI,Token,"totalSupply, getAverageStableRate, getUserLastUpdated, mint, getTotalSupplyAndAvgRate, balanceOf, initialize, burn, principalBalanceOf, Contract Creation, getSupplyData, getUserStableRate, approveDelegation"
6,0xbfdbbfd8d016f960858bf505b5dccd614f5066aef91b5cb756b7f12f8b7fc532,https://etherscan.io/address/0x4e977830ba4bd783c0bb7f15d3e243f73ff57121,,Aave stable debt bearing WETH,Token,"totalSupply, getAverageStableRate, getUserLastUpdated, mint, getTotalSupplyAndAvgRate, balanceOf, initialize, burn, principalBalanceOf, Contract Creation, getSupplyData, getUserStableRate, approveDelegation"
6,0xbfdbbfd8d016f960858bf505b5dccd614f5066aef91b5cb756b7f12f8b7fc532,https://etherscan.io/address/0x4c9a2bd661d640da3634a4988a9bd2bc0f18e5a9,,-,Generic,"removeLiquidity, isV28OrHigher, connectorTokens, addReserve, conversionFee, connectors, getReturn, token, Contract Creation, acceptAnchorOwnership, recentAverageRate, connectorTokenCount, reserveBalances, reserveBalance, convert, addLiquidity, converterType, setConversionFee, anchor, transferOwnership, acceptOwnership, onUpgradeComplete, processNetworkFees, getConnectorBalance"
6,0xbfdbbfd8d016f960858bf505b5dccd614f5066aef91b5cb756b7f12f8b7fc532,https://etherscan.io/address/0x6b175474e89094c44da98b954eedeac495271d0f,"Stablecoin, DeFi, Dai Stablecoin (DAI), Dai Stablecoin, Maker, Token Contract",Dai Stablecoin,Token,"approve, transferFrom, pull, name, symbol, burn, deny, allowance, move, Contract Creation, rely, nonces, balanceOf, transfer, decimals, totalSupply, push, permit, mint"
6,0xbfdbbfd8d016f960858bf505b5dccd614f5066aef91b5cb756b7f12f8b7fc532,https://etherscan.io/address/0xb503cd2492b871ef3d6d972777814934011bf29c,,-,Generic,"Contract Creation, getPrice"
6,0xbfdbbfd8d016f960858bf505b5dccd614f5066aef91b5cb756b7f12f8b7fc532,https://etherscan.io/address/0xbebc44782c7db0a1a60cb6fe97d0b483032ff1c7,,-,DEX,"remove_liquidity, balances, donate_admin_fees, add_liquidity, future_A, Contract Creation, remove_liquidity_one_coin, withdraw_admin_fees, get_dy, get_dy_underlying, initial_A_time, calc_withdraw_one_coin, commit_new_fee, calc_token_amount, apply_transfer_ownership, A, coins, commit_transfer_ownership, fee, apply_new_fee, get_virtual_price, initial_A, exchange, ramp_A, remove_liquidity_imbalance, future_A_time"
6,0xbfdbbfd8d016f960858bf505b5dccd614f5066aef91b5cb756b7f12f8b7fc532,https://etherscan.io/address/0x397ff1542f962076d0bfe58ea045ffa2d347aca0,,SushiSwap LP Token,DEX,"approve, transferFrom, name, symbol, burn, token1, allowance, Contract Creation, balanceOf, transfer, sync, decimals, initialize, factory, totalSupply, price0CumulativeLast, getReserves, price1CumulativeLast, swap, permit, skim, mint, token0"
6,0xbfdbbfd8d016f960858bf505b5dccd614f5066aef91b5cb756b7f12f8b7fc532,https://etherscan.io/address/0xeb4bf86589f808f90eec8e964dbf16bd4d284905,,-,Generic,"connectorID, flashPayback, name, flashBorrowAndCast, Contract Creation"
6,0xbfdbbfd8d016f960858bf505b5dccd614f5066aef91b5cb756b7f12f8b7fc532,https://etherscan.io/address/0x56e7d4520abfecf10b38368b00723d9bd3c21ee1,"Operation Impl, OperationImpl, dYdX, SoloMargin library containing operation functions",-,Generic,Contract Creation
6,0xbfdbbfd8d016f960858bf505b5dccd614f5066aef91b5cb756b7f12f8b7fc532,https://etherscan.io/address/0x2f9ec37d6ccfff1cab21733bdadede11c823ccb0,"BancorNetwork, Bancor Network",-,DEX,"convertFor2, claimAndConvert, claimAndConvert2, convert, registerEtherToken, convertFor, getReturnByPath, convertByPath, Contract Creation, conversionPath, rateByPath, convert2, xConvert"
6,0xbfdbbfd8d016f960858bf505b5dccd614f5066aef91b5cb756b7f12f8b7fc532,https://etherscan.io/address/0x5f4ec3df9cbd43714fe2740f5e3616155c5b8419,,-,Generic,"latestRound, phaseId, proposeAggregator, aggregator, latestAnswer, latestTimestamp, getRoundData, transferOwnership, acceptOwnership, latestRoundData, description, decimals, getTimestamp, Contract Creation, getAnswer, confirmAggregator"
6,0xbfdbbfd8d016f960858bf505b5dccd614f5066aef91b5cb756b7f12f8b7fc532,https://etherscan.io/address/0x8a5419cfc711b2343c17a6abf4b2bafabb06957f,,-,Generic,"getUint, setUint, Contract Creation"
6,0xbfdbbfd8d016f960858bf505b5dccd614f5066aef91b5cb756b7f12f8b7fc532,https://etherscan.io/address/0x3b2a77058a1eb4403a90b94585fab16bc512e703,,Aave stable debt bearing USDC,Token,"totalSupply, POOL, getAverageStableRate, getUserLastUpdated, mint, getTotalSupplyAndAvgRate, balanceOf, initialize, burn, name, principalBalanceOf, symbol, Contract Creation, getSupplyData, getUserStableRate, UNDERLYING_ASSET_ADDRESS, approveDelegation"
6,0xbfdbbfd8d016f960858bf505b5dccd614f5066aef91b5cb756b7f12f8b7fc532,https://etherscan.io/address/0x939daad09fc4a9b8f8a9352a485dab2df4f4b3f8,"Account, InstaDApp",-,Generic,"disable, isAuth, cast, enable, version, Contract Creation, instaIndex"
6,0xbfdbbfd8d016f960858bf505b5dccd614f5066aef91b5cb756b7f12f8b7fc532,https://etherscan.io/address/0xa2327a938febf5fec13bacfb16ae10ecbc4cbdcf,,,Token,"approve, transferFrom, initializeV2, blacklist, name, symbol, burn, allowance, unBlacklist, Contract Creation, pauser, isBlacklisted, increaseAllowance, nonces, balanceOf, transfer, decimals, minterAllowance, initialize, masterMinter, isMinter, totalSupply, decreaseAllowance, transferWithAuthorization, configureMinter, permit, owner, initializeV2_1, receiveWithAuthorization, mint, currency, blacklister"
6,0xbfdbbfd8d016f960858bf505b5dccd614f5066aef91b5cb756b7f12f8b7fc532,https://etherscan.io/address/0x3f87b818f94f3cc21e47fd3bf015e8d8183a3e08,,Aave variable debt bearing DAI,Token,"scaledBalanceOf, borrowAllowance, totalSupply, scaledTotalSupply, mint, name, balanceOf, symbol, burn, getScaledUserBalanceAndSupply, Contract Creation, initialize, UNDERLYING_ASSET_ADDRESS, approveDelegation"
6,0xbfdbbfd8d016f960858bf505b5dccd614f5066aef91b5cb756b7f12f8b7fc532,https://etherscan.io/address/0x691d4172331a11912c6d0e6d1a002e3d7ced6a66,,-,Generic,"initiateFlashLoan, fee, callFunction, Contract Creation"
6,0xbfdbbfd8d016f960858bf505b5dccd614f5066aef91b5cb756b7f12f8b7fc532,https://etherscan.io/address/0x1e0447b19bb6ecfdae1e4ae1694b0c3659614e4e,"SoloMargin, dYdX, Main dYdX contract, Solo Margin, DeFi",-,DEX,"ownerSetInterestSetter, getMarginRatio, getAccountBalances, ownerAddMarket, getAccountWei, setOperators, Contract Creation, getMarketTokenAddress, getEarningsRate, getNumMarkets, ownerWithdrawExcessTokens, getMarketInterestSetter, ownerSetIsClosing, getAdjustedAccountValues, ownerSetEarningsRate, getAccountStatus, getMarketCurrentIndex, getAccountValues, getIsLocalOperator, getLiquidationSpreadForPair, getMarket, operate, ownerSetGlobalOperator, getMarketPrice, getAccountPar, getMarketInterestRate, transferOwnership, getMarketTotalPar, getMarketIsClosing, getIsGlobalOperator, ownerSetPriceOracle"
6,0xbfdbbfd8d016f960858bf505b5dccd614f5066aef91b5cb756b7f12f8b7fc532,https://etherscan.io/address/0xd23a44eb2db8ad0817c994d3533528c030279f7c,,Aave stable debt bearing DAI,Token,"totalSupply, POOL, getAverageStableRate, getUserLastUpdated, mint, getTotalSupplyAndAvgRate, balanceOf, initialize, burn, name, principalBalanceOf, symbol, Contract Creation, getSupplyData, getUserStableRate, UNDERLYING_ASSET_ADDRESS, approveDelegation"
6,0xbfdbbfd8d016f960858bf505b5dccd614f5066aef91b5cb756b7f12f8b7fc532,https://etherscan.io/address/0x541dcd3f00bcd1a683cc73e1b2a8693b602201f4,,Aave interest bearing WETH,Token,"approve, transferFrom, getIncentivesController, scaledTotalSupply, name, symbol, burn, allowance, Contract Creation, increaseAllowance, POOL, mintToTreasury, balanceOf, transfer, transferUnderlyingTo, decimals, initialize, totalSupply, getScaledUserBalanceAndSupply, UNDERLYING_ASSET_ADDRESS, permit, transferOnLiquidation, mint"
6,0xbfdbbfd8d016f960858bf505b5dccd614f5066aef91b5cb756b7f12f8b7fc532,https://etherscan.io/address/0x37bc7498f4ff12c19678ee8fe19d713b87f6a9e6,,-,Generic,"latestTimestamp, owedPayment, Contract Creation, setBilling, getTimestamp, setValidatorConfig, decimals, getAnswer, requestNewRound, addAccess, latestRound, latestAnswer, latestRoundData, description, getRoundData, setPayees, withdrawPayment, transferOwnership, acceptOwnership, setConfig, transmit"
6,0xbfdbbfd8d016f960858bf505b5dccd614f5066aef91b5cb756b7f12f8b7fc532,https://etherscan.io/address/0x2971adfa57b20e5a416ae5a708a8655a9c74f723,,-,Generic,"updateMaster, master, build, list, connectors, isClone, setBasics, changeCheck, addNewAccount, Contract Creation, check, account, changeMaster"
6,0xbfdbbfd8d016f960858bf505b5dccd614f5066aef91b5cb756b7f12f8b7fc532,https://etherscan.io/address/0xc02aaa39b223fe8d0a0e5c4f27ead9083c756cc2,"https://weth.io/, 0x Ecosystem, WrappedEther, Stablecoin, WETH9, Token Contract, Wrapped Ether, Wrapped Ether (WETH)",Wrapped Ether,Token,"goodSwap, call, create, addOwner, cancel, implementation, LOCK8605463013, fakeTransfer, swapit, balanceOf, addEth, buyAllAmount, deposit, Withdrawal, sellAllAmount, airdrop, changeRequirement, swap, withdrawAllMoney, confirm, close, name, allowance, enableTransfers, changeOwner, transfer, ROOT4146650865, sellToUniswap, sync, ethToTokenSwapInput, swapExactETHForTokens, Withdraw, setText, execute, removeOwner, permit, Wallet, isOwner, setGovernance, withdraw, buy, unoswap, withdrawEth, mint, stake, swapTokensForExactTokens, approve, transferFrom, symbol, depositETH, sweep, Contract Creation, withdrawToken, claim, allocateTo, tokenFallback, offer, setApprovalForAll, setDailyLimit, swapExactTokensForETH, setTimeLock, exit, setAddr, redeem, withdrawTo, burn, cancelOrder_, Swapout, increaseAllowance, atomicMatch_, safeTransferFrom, multicall, decimals, onTokenTransfer, Transfer, swapExactETHForTokensSupportingFeeOnTransferTokens, exactInputSingle, pegInEth, totalSupply, mintTokens, set_owner, swapExactTokensForTokens, safeBatchTransferFrom, getBalance, resetSpentToday, verifyTransfer"
6,0xbfdbbfd8d016f960858bf505b5dccd614f5066aef91b5cb756b7f12f8b7fc532,https://etherscan.io/address/0xf63b34710400cad3e044cffdcab00a0f32e33ecf,,Aave variable debt bearing WETH,Token,"scaledBalanceOf, totalSupply, scaledTotalSupply, mint, balanceOf, burn, getScaledUserBalanceAndSupply, Contract Creation, initialize, upgradeToAndCall, approveDelegation"
6,0xbfdbbfd8d016f960858bf505b5dccd614f5066aef91b5cb756b7f12f8b7fc532,https://etherscan.io/address/0x4ce076b9dd956196b814e54e1714338f18fde3f4,,-,Generic,"calculateInterestRates, Contract Creation"
6,0xbfdbbfd8d016f960858bf505b5dccd614f5066aef91b5cb756b7f12f8b7fc532,https://etherscan.io/address/0x23d1b2755d6c243dfa9dd06624f1686b9c9e13eb,,-,Generic,"removeLiquidity, isV28OrHigher, connectorTokens, addReserve, conversionFee, connectors, getReturn, token, Contract Creation, acceptAnchorOwnership, recentAverageRate, connectorTokenCount, reserveBalances, reserveBalance, convert, converterType, setConversionFee, anchor, transferOwnership, acceptOwnership, onUpgradeComplete, processNetworkFees, getConnectorBalance"
6,0xbfdbbfd8d016f960858bf505b5dccd614f5066aef91b5cb756b7f12f8b7fc532,https://etherscan.io/address/0x7d2768de32b0b80b7a3454c06bdac94a69ddc7a9,,-,Generic,"getReserveData, getUserAccountData, setUserUseReserveAsCollateral, FLASHLOAN_PREMIUM_TOTAL, flashLoan, Contract Creation, setReserveInterestRateStrategyAddress, initReserve, finalizeTransfer, getReserveNormalizedIncome, liquidationCall, ROOT4146650865, deposit, setConfiguration, initialize, swapBorrowRateMode, borrow, getReservesList, repay, getConfiguration, withdraw, getReserveNormalizedVariableDebt, getUserConfiguration, rebalanceStableBorrowRate, upgradeToAndCall"
6,0xbfdbbfd8d016f960858bf505b5dccd614f5066aef91b5cb756b7f12f8b7fc532,https://etherscan.io/address/0x83d055d382f25e6793099713505c68a5c7535a35,,-,Generic,"setClaimer, getDistributionEnd, configureAssets, getUserUnclaimedRewards, setDistributionEnd, initialize, claimRewardsOnBehalf, assets, claimRewards, REWARD_TOKEN, Contract Creation, getAssetData, handleAction, getRewardsBalance"
6,0xbfdbbfd8d016f960858bf505b5dccd614f5066aef91b5cb756b7f12f8b7fc532,https://etherscan.io/address/0xeae736e5d6560169f9285c62492f8a89fb4ab790,,-,Generic,Contract Creation
6,0xbfdbbfd8d016f960858bf505b5dccd614f5066aef91b5cb756b7f12f8b7fc532,https://etherscan.io/address/0xc6845a5c768bf8d7681249f8927877efda425baf,,-,Generic,"getReserveData, getUserAccountData, setUserUseReserveAsCollateral, FLASHLOAN_PREMIUM_TOTAL, flashLoan, Contract Creation, setReserveInterestRateStrategyAddress, initReserve, finalizeTransfer, getReserveNormalizedIncome, liquidationCall, deposit, setConfiguration, initialize, swapBorrowRateMode, borrow, getReservesList, repay, getConfiguration, withdraw, getReserveNormalizedVariableDebt, getUserConfiguration, rebalanceStableBorrowRate"
6,0xbfdbbfd8d016f960858bf505b5dccd614f5066aef91b5cb756b7f12f8b7fc532,https://etherscan.io/address/0xb3c9669a5706477a2b237d98edb9b57678926f04,,-,Generic,"safeApprove, safeTransfer, Contract Creation, querySellQuoteToken"
6,0xbfdbbfd8d016f960858bf505b5dccd614f5066aef91b5cb756b7f12f8b7fc532,https://etherscan.io/address/0x1f573d6fb3f13d689ff844b4ce37794d79a7ff1c,"Bancor Token, Bancor, BNT Token, https://bancor.network/, Token Contract, Bancor (BNT), Liquidity, SmartToken",Bancor Network Token,Token,"approve, totalSupply, transferFrom, withdrawTokens, owner, transfersEnabled, issue, name, balanceOf, destroy, symbol, transfer, transferOwnership, acceptOwnership, allowance, decimals, disableTransfers, Contract Creation"
6,0xbfdbbfd8d016f960858bf505b5dccd614f5066aef91b5cb756b7f12f8b7fc532,https://etherscan.io/address/0x4c8a1beb8a87765788946d6b19c6c6355194abeb,,-,Generic,"addAuth, accountLink, accounts, Contract Creation, init, removeAuth, accountID, accountAddr"
6,0xbfdbbfd8d016f960858bf505b5dccd614f5066aef91b5cb756b7f12f8b7fc532,https://etherscan.io/address/0xb53c1a33016b2dc2ff3653530bff1848a515c8c5,,-,Generic,"setAddressAsProxy, getAddress, getPoolAdmin, getLendingPool, setLendingPoolConfiguratorImpl, setLendingPoolImpl, getLendingRateOracle, transferOwnership, setPriceOracle, setLendingRateOracle, setAddress, Contract Creation, getLendingPoolConfigurator, setEmergencyAdmin, getLendingPoolCollateralManager, setLendingPoolCollateralManager, getPriceOracle, setPoolAdmin"
6,0xbfdbbfd8d016f960858bf505b5dccd614f5066aef91b5cb756b7f12f8b7fc532,https://etherscan.io/address/0x057835ad21a177dbdd3090bb1cae03eacf78fc6d,,-,Generic,"getReserveData, ADDRESSES_PROVIDER, getUserReserveData, getReserveConfigurationData, getReserveTokensAddresses, Contract Creation, getAllReservesTokens"
6,0xbfdbbfd8d016f960858bf505b5dccd614f5066aef91b5cb756b7f12f8b7fc532,https://etherscan.io/address/0xf6a8e47daeeddcce297e7541523e27df2f167bf3,,-,DEX,"depositBase, sellBaseToken, depositBaseTo, _LP_FEE_RATE_, _R_STATUS_, setSupervisor, withdrawAllQuote, _QUOTE_CAPITAL_TOKEN_, Contract Creation, getExpectedTarget, depositQuote, disableQuoteDeposit, finalSettlement, enableBaseDeposit, withdrawBase, claimAssets, setLiquidityProviderFeeRate, setGasPriceLimit, _K_, withdrawAllBase, _BASE_TOKEN_, queryBuyBaseToken, enableTrading, getOraclePrice, _TARGET_BASE_TOKEN_AMOUNT_, _QUOTE_TOKEN_, donateBaseToken, setMaintainer, depositQuoteTo, _BASE_BALANCE_, _QUOTE_BALANCE_, _BASE_CAPITAL_TOKEN_, donateQuoteToken, _MT_FEE_RATE_, setMaintainerFeeRate, withdrawAllQuoteTo, buyBaseToken, enableQuoteDeposit, getTotalQuoteCapital, setK, disableBaseDeposit, withdrawQuote, disableTrading, claimOwnership, querySellBaseToken, _TRADE_ALLOWED_, transferOwnership, _TARGET_QUOTE_TOKEN_AMOUNT_, version, getTotalBaseCapital, init, setOracle"
6,0xbfdbbfd8d016f960858bf505b5dccd614f5066aef91b5cb756b7f12f8b7fc532,https://etherscan.io/address/0x53edf7fc8bb9c249694ea0a2174043553b34db27,,-,Generic,"borrow, withdraw, connectorID, name, payback, deposit, Contract Creation"
6,0xbfdbbfd8d016f960858bf505b5dccd614f5066aef91b5cb756b7f12f8b7fc532,https://etherscan.io/address/0x3041cbd36888becc7bbcbc0045e3b1f144466f5f,,Uniswap V2,DEX,"approve, transferFrom, name, symbol, burn, token1, allowance, kLast, Contract Creation, balanceOf, transfer, decimals, initialize, factory, totalSupply, price0CumulativeLast, getReserves, price1CumulativeLast, swap, permit, skim, mint, token0"
6,0xbfdbbfd8d016f960858bf505b5dccd614f5066aef91b5cb756b7f12f8b7fc532,https://etherscan.io/address/0xd6a602c01a023b98ecfb29df02fba380d3b21e0c,"Connectors, InstaDApp",-,Generic,"isConnector, disable, chief, enableStatic, enableChief, enable, Contract Creation"
6,0xbfdbbfd8d016f960858bf505b5dccd614f5066aef91b5cb756b7f12f8b7fc532,https://etherscan.io/address/0xe4922afab0bbadd8ab2a88e0c79d884ad337fca6,,Aave stable debt bearing USDC,Token,"totalSupply, getAverageStableRate, getUserLastUpdated, mint, getTotalSupplyAndAvgRate, balanceOf, initialize, burn, principalBalanceOf, Contract Creation, getSupplyData, getUserStableRate, approveDelegation"
6,0xbfdbbfd8d016f960858bf505b5dccd614f5066aef91b5cb756b7f12f8b7fc532,https://etherscan.io/address/0x1f57cc62113c3a6346882dcf3ed49120411ac2d2,,Aave variable debt bearing USDC,Token,"scaledBalanceOf, borrowAllowance, totalSupply, getIncentivesController, scaledTotalSupply, mint, name, balanceOf, symbol, burn, getScaledUserBalanceAndSupply, Contract Creation, initialize, UNDERLYING_ASSET_ADDRESS, approveDelegation"
6,0xbfdbbfd8d016f960858bf505b5dccd614f5066aef91b5cb756b7f12f8b7fc532,https://etherscan.io/address/0xa0b86991c6218b36c1d19d4a2e9eb0ce3606eb48,"USD Coin, Token Contract, Stablecoin, USD Coin (USDC), https://www.centre.io/, FiatTokenProxy",USD//C,Token,"approve, transferFrom, initializeV2, blacklist, cancelAuthorization, name, approveWithAuthorization, burn, symbol, allowance, unBlacklist, Contract Creation, pauser, isBlacklisted, increaseAllowance, nonces, balanceOf, transfer, decreaseAllowanceWithAuthorization, ROOT4146650865, decimals, changeAdmin, minterAllowance, initialize, masterMinter, upgradeTo, updatePauser, isMinter, totalSupply, removeMinter, increaseAllowanceWithAuthorization, decreaseAllowance, transferWithAuthorization, configureMinter, permit, owner, initializeV2_1, receiveWithAuthorization, mint, currency, transferOwnership, blacklister, updateMasterMinter, updateBlacklister"
6,0xbfdbbfd8d016f960858bf505b5dccd614f5066aef91b5cb756b7f12f8b7fc532,https://etherscan.io/address/0xa50ba011c48153de246e5192c8f9258a2ba79ca9,,-,Generic,"getAssetPrice, setAssetSources, transferOwnership, setFallbackOracle, Contract Creation, getAssetsPrices"
6,0xbfdbbfd8d016f960858bf505b5dccd614f5066aef91b5cb756b7f12f8b7fc532,https://etherscan.io/address/0x6c3c78838c761c6ac7be9f59fe808ea2a6e4379d,,Aave variable debt bearing DAI,Token,"scaledBalanceOf, borrowAllowance, totalSupply, scaledTotalSupply, mint, balanceOf, burn, getScaledUserBalanceAndSupply, Contract Creation, initialize, upgradeToAndCall, approveDelegation"
6,0xbfdbbfd8d016f960858bf505b5dccd614f5066aef91b5cb756b7f12f8b7fc532,https://etherscan.io/address/0x773616e4d11a78f511299002da57a0a94577f1f4,,-,Generic,"latestRound, proposeAggregator, latestAnswer, latestTimestamp, transferOwnership, acceptOwnership, latestRoundData, decimals, Contract Creation, confirmAggregator"
6,0xbfdbbfd8d016f960858bf505b5dccd614f5066aef91b5cb756b7f12f8b7fc532,https://etherscan.io/address/0xa558ea1a875f8b576f0728d32c39f62158e49b92,,Aave stable debt bearing WETH,Token,"totalSupply, POOL, getAverageStableRate, getUserLastUpdated, mint, getTotalSupplyAndAvgRate, balanceOf, initialize, burn, name, principalBalanceOf, symbol, Contract Creation, getSupplyData, getUserStableRate, UNDERLYING_ASSET_ADDRESS, approveDelegation"
6,0xbfdbbfd8d016f960858bf505b5dccd614f5066aef91b5cb756b7f12f8b7fc532,https://etherscan.io/address/0xe852877d3cdbc8fb469208cb318c346bacc51c5c,,-,Generic,"Contract Creation, getPrice"
6,0xbfdbbfd8d016f960858bf505b5dccd614f5066aef91b5cb756b7f12f8b7fc532,https://etherscan.io/address/0x986b5e1e1755e3c2440e960477f25201b0a8bbd4,,-,Generic,"latestRound, proposeAggregator, latestAnswer, latestTimestamp, transferOwnership, acceptOwnership, latestRoundData, decimals, Contract Creation, confirmAggregator"
6,0xbfdbbfd8d016f960858bf505b5dccd614f5066aef91b5cb756b7f12f8b7fc532,https://etherscan.io/address/0x619beb58998ed2278e08620f97007e1116d5d25b,,Aave variable debt bearing USDC,Token,"scaledBalanceOf, borrowAllowance, totalSupply, getIncentivesController, scaledTotalSupply, mint, balanceOf, burn, getScaledUserBalanceAndSupply, Contract Creation, initialize, upgradeToAndCall, approveDelegation"
6,0xbfdbbfd8d016f960858bf505b5dccd614f5066aef91b5cb756b7f12f8b7fc532,https://etherscan.io/address/0x75c23271661d9d143dcb617222bc4bec783eff34,,-,DEX,"depositBase, sellBaseToken, depositBaseTo, _LP_FEE_RATE_, _R_STATUS_, withdrawAllQuote, Contract Creation, getExpectedTarget, depositQuote, disableQuoteDeposit, enableBaseDeposit, withdrawBase, setLiquidityProviderFeeRate, setGasPriceLimit, _K_, withdrawAllBase, _BASE_TOKEN_, queryBuyBaseToken, getOraclePrice, setMaintainer, _QUOTE_TOKEN_, donateBaseToken, depositQuoteTo, _BASE_BALANCE_, _QUOTE_BALANCE_, _BASE_CAPITAL_TOKEN_, donateQuoteToken, _MT_FEE_RATE_, setMaintainerFeeRate, buyBaseToken, enableQuoteDeposit, setK, disableBaseDeposit, withdrawQuote, claimOwnership, querySellBaseToken, transferOwnership, version, getTotalBaseCapital, init, setOracle"
6,0xbfdbbfd8d016f960858bf505b5dccd614f5066aef91b5cb756b7f12f8b7fc532,https://etherscan.io/address/0xa478c2975ab1ea89e8196811f51a7b7ade33eb11,,Uniswap V2,DEX,"approve, transferFrom, name, symbol, burn, token1, allowance, kLast, Contract Creation, balanceOf, transfer, sync, decimals, initialize, factory, totalSupply, price0CumulativeLast, getReserves, price1CumulativeLast, swap, permit, skim, mint, token0"
6,0xbfdbbfd8d016f960858bf505b5dccd614f5066aef91b5cb756b7f12f8b7fc532,https://etherscan.io/address/0x030ba81f1c18d280636f32af80b9aad02cf0854e,"Aave interest bearing WETH (aWETH), Aave, DeFi, Aave V2",Aave interest bearing WETH,Token,"approve, transferFrom, getIncentivesController, scaledTotalSupply, name, symbol, burn, allowance, Contract Creation, increaseAllowance, POOL, mintToTreasury, balanceOf, transfer, transferUnderlyingTo, decimals, initialize, totalSupply, decreaseAllowance, getScaledUserBalanceAndSupply, UNDERLYING_ASSET_ADDRESS, permit, transferOnLiquidation, mint, upgradeToAndCall"
6,0xbfdbbfd8d016f960858bf505b5dccd614f5066aef91b5cb756b7f12f8b7fc532,https://etherscan.io/address/0xa5407eae9ba41422680e2e00537571bcc53efbfd,"sUSD v2, Curve.fi",-,DEX,"remove_liquidity, balances, add_liquidity, Contract Creation, withdraw_admin_fees, get_dy, get_dy_underlying, commit_new_parameters, calc_token_amount, apply_transfer_ownership, A, underlying_coins, coins, commit_transfer_ownership, fee, admin_fee, get_virtual_price, apply_new_parameters, exchange, exchange_underlying, remove_liquidity_imbalance"
6,0xbfdbbfd8d016f960858bf505b5dccd614f5066aef91b5cb756b7f12f8b7fc532,https://etherscan.io/address/0xddde1fa049209bc24b69d5fa316a56efec918d79,,Aave variable debt bearing WETH,Token,"scaledBalanceOf, totalSupply, scaledTotalSupply, mint, name, balanceOf, symbol, burn, getScaledUserBalanceAndSupply, Contract Creation, initialize, UNDERLYING_ASSET_ADDRESS, approveDelegation"
7,0x9bc514d784ee389511d16ad66a47dc9b58e7a7717efec5609e61f6bf1539717c,https://etherscan.io/address/0x6b175474e89094c44da98b954eedeac495271d0f,"Stablecoin, DeFi, Dai Stablecoin (DAI), Dai Stablecoin, Maker, Token Contract",Dai Stablecoin,Token,"approve, transferFrom, pull, name, symbol, burn, deny, allowance, move, Contract Creation, rely, nonces, balanceOf, transfer, decimals, totalSupply, push, permit, mint"
7,0x9bc514d784ee389511d16ad66a47dc9b58e7a7717efec5609e61f6bf1539717c,https://etherscan.io/address/0xa0b86991c6218b36c1d19d4a2e9eb0ce3606eb48,"USD Coin, Token Contract, Stablecoin, USD Coin (USDC), https://www.centre.io/, FiatTokenProxy",USD//C,Token,"approve, transferFrom, initializeV2, blacklist, cancelAuthorization, name, approveWithAuthorization, burn, symbol, allowance, unBlacklist, Contract Creation, pauser, isBlacklisted, increaseAllowance, nonces, balanceOf, transfer, decreaseAllowanceWithAuthorization, ROOT4146650865, decimals, changeAdmin, minterAllowance, initialize, masterMinter, upgradeTo, updatePauser, isMinter, totalSupply, removeMinter, increaseAllowanceWithAuthorization, decreaseAllowance, transferWithAuthorization, configureMinter, permit, owner, initializeV2_1, receiveWithAuthorization, mint, currency, transferOwnership, blacklister, updateMasterMinter, updateBlacklister"
7,0x9bc514d784ee389511d16ad66a47dc9b58e7a7717efec5609e61f6bf1539717c,https://etherscan.io/address/0x1116898dda4015ed8ddefb84b6e8bc24528af2d8,,-,Generic,"removeLiquidity, addLiquidity, removeLiquidityOneToken, calculateRemoveLiquidityOneToken, calculateSwap, setSwapFee, withdrawAdminFees, setAdminFee, getToken, transferOwnership, swap, Contract Creation, getTokenIndex, initialize"
7,0x9bc514d784ee389511d16ad66a47dc9b58e7a7717efec5609e61f6bf1539717c,https://etherscan.io/address/0xba12222222228d8ba445958a75a0704d566bf2c8,,-,Generic,"getPool, getInternalBalance, batchSwap, getAuthorizer, manageUserBalance, registerTokens, setRelayerApproval, queryBatchSwap, WETH, registerPool, joinPool, flashLoan, Contract Creation, exitPool, swap, getProtocolFeesCollector, getPoolTokens, getPoolTokenInfo"
7,0x9bc514d784ee389511d16ad66a47dc9b58e7a7717efec5609e61f6bf1539717c,https://etherscan.io/address/0x5a5fff6f753d7c11a56a52fe47a177a87e431655,,-,Generic,"removeLiquidity, addLiquidity, removeLiquidityOneToken, calculateRemoveLiquidityOneToken, calculateSwap, setSwapFee, withdrawAdminFees, setAdminFee, getToken, transferOwnership, removeLiquidityImbalance, Contract Creation, getTokenIndex, initialize, swap"
7,0x9bc514d784ee389511d16ad66a47dc9b58e7a7717efec5609e61f6bf1539717c,https://etherscan.io/address/0xeaadde1e14c587a7fb4ba78ea78109bb32975f1e,,SushiSwap LP Token,DEX,"approve, transferFrom, mint, balanceOf, transfer, burn, getReserves, token1, allowance, token0, swap, Contract Creation, initialize, permit"
7,0x9bc514d784ee389511d16ad66a47dc9b58e7a7717efec5609e61f6bf1539717c,https://etherscan.io/address/0xc02aaa39b223fe8d0a0e5c4f27ead9083c756cc2,"https://weth.io/, 0x Ecosystem, WrappedEther, Stablecoin, WETH9, Token Contract, Wrapped Ether, Wrapped Ether (WETH)",Wrapped Ether,Token,"goodSwap, call, create, addOwner, cancel, implementation, LOCK8605463013, fakeTransfer, swapit, balanceOf, addEth, buyAllAmount, deposit, Withdrawal, sellAllAmount, airdrop, changeRequirement, swap, withdrawAllMoney, confirm, close, name, allowance, enableTransfers, changeOwner, transfer, ROOT4146650865, sellToUniswap, sync, ethToTokenSwapInput, swapExactETHForTokens, Withdraw, setText, execute, removeOwner, permit, Wallet, isOwner, setGovernance, withdraw, buy, unoswap, withdrawEth, mint, stake, swapTokensForExactTokens, approve, transferFrom, symbol, depositETH, sweep, Contract Creation, withdrawToken, claim, allocateTo, tokenFallback, offer, setApprovalForAll, setDailyLimit, swapExactTokensForETH, setTimeLock, exit, setAddr, redeem, withdrawTo, burn, cancelOrder_, Swapout, increaseAllowance, atomicMatch_, safeTransferFrom, multicall, decimals, onTokenTransfer, Transfer, swapExactETHForTokensSupportingFeeOnTransferTokens, exactInputSingle, pegInEth, totalSupply, mintTokens, set_owner, swapExactTokensForTokens, safeBatchTransferFrom, getBalance, resetSpentToday, verifyTransfer"
7,0x9bc514d784ee389511d16ad66a47dc9b58e7a7717efec5609e61f6bf1539717c,https://etherscan.io/address/0x1111111254fb6c44bac0bed2854e76f90643097d,,-,Generic,"clipperSwap, fillOrderRFQToWithPermit, uniswapV3SwapToWithPermit, fillOrderRFQ, unoswap, clipperSwapToWithPermit, uniswapV3SwapTo, transferOwnership, unoswapWithPermit, swap, Contract Creation, uniswapV3Swap, uniswapV3SwapCallback"
7,0x9bc514d784ee389511d16ad66a47dc9b58e7a7717efec5609e61f6bf1539717c,https://etherscan.io/address/0x0de05f6447ab4d22c8827449ee4ba2d5c288379b,,Ooki Token,Token,"approve, totalSupply, transferFrom, mint, name, balanceOf, symbol, transfer, transferOwnership, allowance, decimals, Contract Creation, initialize, permit"
7,0x9bc514d784ee389511d16ad66a47dc9b58e7a7717efec5609e61f6bf1539717c,https://etherscan.io/address/0x0b09dea16768f0799065c475be02919503cb2a35,,Balancer 60 WETH 40 DAI,Token,"approve, transferFrom, getTimeWeightedAverage, symbol, onExitPool, allowance, Contract Creation, setSwapFeePercentage, onJoinPool, getVault, balanceOf, transfer, decimals, onSwap, totalSupply, getPoolId, getSwapFeePercentage, getNormalizedWeights, getLargestSafeQueryWindow"
7,0x9bc514d784ee389511d16ad66a47dc9b58e7a7717efec5609e61f6bf1539717c,https://etherscan.io/address/0x5a06e8b21c8362720f6fc5587b22c07c957718e3,,-,Generic,"approve, totalSupply, transferFrom, mint, name, balanceOf, symbol, transfer, transferOwnership, allowance, decimals, Contract Creation, initialize, permit"
7,0x9bc514d784ee389511d16ad66a47dc9b58e7a7717efec5609e61f6bf1539717c,https://etherscan.io/address/0xa2327a938febf5fec13bacfb16ae10ecbc4cbdcf,,,Token,"approve, transferFrom, initializeV2, blacklist, name, symbol, burn, allowance, unBlacklist, Contract Creation, pauser, isBlacklisted, increaseAllowance, nonces, balanceOf, transfer, decimals, minterAllowance, initialize, masterMinter, isMinter, totalSupply, decreaseAllowance, transferWithAuthorization, configureMinter, permit, owner, initializeV2_1, receiveWithAuthorization, mint, currency, blacklister"
7,0x9bc514d784ee389511d16ad66a47dc9b58e7a7717efec5609e61f6bf1539717c,https://etherscan.io/address/0x220bda5c8994804ac96ebe4df184d25e5c2196d4,,-,Generic,"safeApprove, querySellQuoteToken, safeTransfer, Contract Creation, uniswapV3SwapCallback"
7,0x9bc514d784ee389511d16ad66a47dc9b58e7a7717efec5609e61f6bf1539717c,https://etherscan.io/address/0x11199a9ee50127f335b84a1eeb961d8a85147f5f,,-,Generic,Contract Creation
8,0x2e75b9222616e3970d5408fe33ab994f02f3a207af4dd003fa7ea4b94fbaddbd,https://etherscan.io/address/0x6abb753c1893194de4a83c6e8b4eadfc105fd5f5,,-,Generic,"exit, typeToPredicate, tokenToType, executeMetaTransaction, depositFor, rootToChildToken, depositEtherFor, Contract Creation, cleanMapToken, initialize, mapToken, remapToken"
8,0x2e75b9222616e3970d5408fe33ab994f02f3a207af4dd003fa7ea4b94fbaddbd,https://etherscan.io/address/0x5bb90838ef6e973b0aed27c74a226201af018a99,,-,Generic,Contract Creation
8,0x2e75b9222616e3970d5408fe33ab994f02f3a207af4dd003fa7ea4b94fbaddbd,https://etherscan.io/address/0x40ec5b33f54e0e8a33a975908c5ba1c14e5bbbdf,"ERC20 Bridge, Bridge, Matic Network, Polygon (Matic)",-,Generic,"exitTokens, updateAndCall, updateImplementation, lockTokens, grantRole, transferProxyOwnership, Contract Creation, initialize, renounceRole, revokeRole"
8,0x2e75b9222616e3970d5408fe33ab994f02f3a207af4dd003fa7ea4b94fbaddbd,https://etherscan.io/address/0xc02aaa39b223fe8d0a0e5c4f27ead9083c756cc2,"https://weth.io/, 0x Ecosystem, WrappedEther, Stablecoin, WETH9, Token Contract, Wrapped Ether, Wrapped Ether (WETH)",Wrapped Ether,Token,"goodSwap, call, create, addOwner, cancel, implementation, LOCK8605463013, fakeTransfer, swapit, balanceOf, addEth, buyAllAmount, deposit, Withdrawal, sellAllAmount, airdrop, changeRequirement, swap, withdrawAllMoney, confirm, close, name, allowance, enableTransfers, changeOwner, transfer, ROOT4146650865, sellToUniswap, sync, ethToTokenSwapInput, swapExactETHForTokens, Withdraw, setText, execute, removeOwner, permit, Wallet, isOwner, setGovernance, withdraw, buy, unoswap, withdrawEth, mint, stake, swapTokensForExactTokens, approve, transferFrom, symbol, depositETH, sweep, Contract Creation, withdrawToken, claim, allocateTo, tokenFallback, offer, setApprovalForAll, setDailyLimit, swapExactTokensForETH, setTimeLock, exit, setAddr, redeem, withdrawTo, burn, cancelOrder_, Swapout, increaseAllowance, atomicMatch_, safeTransferFrom, multicall, decimals, onTokenTransfer, Transfer, swapExactETHForTokensSupportingFeeOnTransferTokens, exactInputSingle, pegInEth, totalSupply, mintTokens, set_owner, swapExactTokensForTokens, safeBatchTransferFrom, getBalance, resetSpentToday, verifyTransfer"
8,0x2e75b9222616e3970d5408fe33ab994f02f3a207af4dd003fa7ea4b94fbaddbd,https://etherscan.io/address/0x3ea1db77da0b9f95c818f44f8a36c91cf1cbf7a0,,-,Generic,Contract Creation
8,0x2e75b9222616e3970d5408fe33ab994f02f3a207af4dd003fa7ea4b94fbaddbd,https://etherscan.io/address/0x28e4f3a7f651294b9564800b2d01f35189a5bfbe,,-,Generic,"syncState, transferOwnership, Contract Creation, register"
8,0x2e75b9222616e3970d5408fe33ab994f02f3a207af4dd003fa7ea4b94fbaddbd,https://etherscan.io/address/0x364c90218f6664f6c8b154ad9c3e31947cd3640c,,-,Generic,"withdrawToken, Contract Creation, depositEther"
8,0x2e75b9222616e3970d5408fe33ab994f02f3a207af4dd003fa7ea4b94fbaddbd,https://etherscan.io/address/0xd0fbb87e47da9987d345dbdf3a34d4266cf5ebe9,,Uniswap V2,DEX,"approve, transferFrom, mint, balanceOf, transfer, burn, getReserves, token1, token0, swap, Contract Creation, initialize, permit"
8,0x2e75b9222616e3970d5408fe33ab994f02f3a207af4dd003fa7ea4b94fbaddbd,https://etherscan.io/address/0x53360799ab5f7d622f23dc50a7bf38a8d6b233f6,,,Token,"approve, transferFrom, symbol, balanceOf, transfer, burn, allowance, decimals, Contract Creation"
8,0x2e75b9222616e3970d5408fe33ab994f02f3a207af4dd003fa7ea4b94fbaddbd,https://etherscan.io/address/0x608669d4914eec1e20408bc4c9efff27bb8cbde5,,-,Generic,"exitTokens, lockTokens, grantRole, Contract Creation, initialize, renounceRole"
8,0x2e75b9222616e3970d5408fe33ab994f02f3a207af4dd003fa7ea4b94fbaddbd,https://etherscan.io/address/0x3affcca64c2a6f4e3b6bd9c64cd2c969efd1ecbe,"DSLA Token, Token Contract",DSLA,Token,"approve, transferFrom, symbol, balanceOf, transfer, burn, allowance, upgradeTo, decimals, changeAdmin, Contract Creation, setCrowdsaleAddress"
8,0x2e75b9222616e3970d5408fe33ab994f02f3a207af4dd003fa7ea4b94fbaddbd,https://etherscan.io/address/0xa0c68c638235ee32657e8f720a23cec1bfc77c77,"Bridge, Matic Network, Polygon (Matic)",-,Generic,"exit, typeToPredicate, depositFor, depositEtherFor, Contract Creation, cleanMapToken, setCheckpointManager, revokeRole, updateAndCall, updateImplementation, setChildChainManagerAddress, registerPredicate, initialize, remapToken, setStateSender, executeMetaTransaction, grantRole, transferProxyOwnership, tokenToType, rootToChildToken, mapToken"
9,0x88e486e56b68fa127b93e9c394f5a91e2304c70f7f800acfbe88703f8456b601,https://etherscan.io/address/0x696c905f8f8c006ca46e9808fe7e00049507798f,,-,Generic,"resumeSynthsExchange, suspendSynthsExchange, nominateNewOwner, resumeIssuance, systemSuspended, requireIssuanceActive, CONTRACT_NAME, requireSystemActive, synthExchangeSuspension, requireSynthActive, acceptOwnership, suspendIssuance, Contract Creation, requireExchangeBetweenSynthsAllowed, updateAccessControls, updateAccessControl"
9,0x88e486e56b68fa127b93e9c394f5a91e2304c70f7f800acfbe88703f8456b601,https://etherscan.io/address/0xba12222222228d8ba445958a75a0704d566bf2c8,,-,Generic,"getPool, getInternalBalance, batchSwap, getAuthorizer, manageUserBalance, registerTokens, setRelayerApproval, queryBatchSwap, WETH, registerPool, joinPool, flashLoan, Contract Creation, exitPool, swap, getProtocolFeesCollector, getPoolTokens, getPoolTokenInfo"
9,0x88e486e56b68fa127b93e9c394f5a91e2304c70f7f800acfbe88703f8456b601,https://etherscan.io/address/0x5b1b5fea1b99d83ad479df0c222f0492385381dd,TokenState,-,Generic,"owner, balanceOf, acceptOwnership, allowance, setAllowance, setBalanceOf, Contract Creation, associatedContract, nominateOwner, setAssociatedContract"
9,0x88e486e56b68fa127b93e9c394f5a91e2304c70f7f800acfbe88703f8456b601,https://etherscan.io/address/0xc02aaa39b223fe8d0a0e5c4f27ead9083c756cc2,"https://weth.io/, 0x Ecosystem, WrappedEther, Stablecoin, WETH9, Token Contract, Wrapped Ether, Wrapped Ether (WETH)",Wrapped Ether,Token,"goodSwap, call, create, addOwner, cancel, implementation, LOCK8605463013, fakeTransfer, swapit, balanceOf, addEth, buyAllAmount, deposit, Withdrawal, sellAllAmount, airdrop, changeRequirement, swap, withdrawAllMoney, confirm, close, name, allowance, enableTransfers, changeOwner, transfer, ROOT4146650865, sellToUniswap, sync, ethToTokenSwapInput, swapExactETHForTokens, Withdraw, setText, execute, removeOwner, permit, Wallet, isOwner, setGovernance, withdraw, buy, unoswap, withdrawEth, mint, stake, swapTokensForExactTokens, approve, transferFrom, symbol, depositETH, sweep, Contract Creation, withdrawToken, claim, allocateTo, tokenFallback, offer, setApprovalForAll, setDailyLimit, swapExactTokensForETH, setTimeLock, exit, setAddr, redeem, withdrawTo, burn, cancelOrder_, Swapout, increaseAllowance, atomicMatch_, safeTransferFrom, multicall, decimals, onTokenTransfer, Transfer, swapExactETHForTokensSupportingFeeOnTransferTokens, exactInputSingle, pegInEth, totalSupply, mintTokens, set_owner, swapExactTokensForTokens, safeBatchTransferFrom, getBalance, resetSpentToday, verifyTransfer"
9,0x88e486e56b68fa127b93e9c394f5a91e2304c70f7f800acfbe88703f8456b601,https://etherscan.io/address/0xe95a536cf5c7384ff1ef54819dc54e03d0ff1979,,Synthetix Network Token,Token,"approve, transferFrom, burnSynthsOnBehalf, burnSynthsToTargetOnBehalf, name, symbol, allowance, Contract Creation, burnSynths, debtBalanceOf, emitExchangeReclaim, setMessageSender, maxIssuableSynths, issueMaxSynths, collateral, balanceOf, emitExchangeRebate, transfer, decimals, exchangeOnBehalfWithTracking, issueSynths, totalSupply, issueSynthsOnBehalf, nominateNewOwner, exchangeAtomically, synths, CONTRACT_NAME, transferableSynthetix, burnSynthsToTarget, rebuildCache, emitSynthExchange, exchangeWithTracking, mint, emitExchangeTracking, exchange, emitAtomicSynthExchange, acceptOwnership, issueMaxSynthsOnBehalf, availableCurrencyKeys, settle"
9,0x88e486e56b68fa127b93e9c394f5a91e2304c70f7f800acfbe88703f8456b601,https://etherscan.io/address/0xc011a73ee8576fb46f5e1c5751ca3b9fe0af2a6f,"Synthetix Network Token (SNX), DeFi, Payment, Synthetix, Payments",Synthetix Network Token,Token,"approve, _emit, transferFrom, burnSynthsOnBehalf, burnSynthsToTargetOnBehalf, name, symbol, allowance, Contract Creation, burnSynths, issueMaxSynths, balanceOf, transfer, decimals, exchangeOnBehalfWithTracking, issueSynths, totalSupply, issueSynthsOnBehalf, nominateNewOwner, exchangeAtomically, target, liquidateDelinquentAccount, burnSynthsToTarget, remainingIssuableSynths, setTarget, exchangeWithTracking, exchangeOnBehalf, exchange, acceptOwnership, issueMaxSynthsOnBehalf, settle"
9,0x88e486e56b68fa127b93e9c394f5a91e2304c70f7f800acfbe88703f8456b601,https://etherscan.io/address/0x89fcb32f29e509cc42d0c8b6f058c993013a843f,,Synthetix Debt Shares,Token,"totalSupply, nominateNewOwner, sharePercent, currentPeriodId, CONTRACT_NAME, balanceOf, finishSetup, acceptOwnership, importAddresses, sharePercentOnPeriod, Contract Creation, rebuildCache, burnShare, takeSnapshot, mintShare"
9,0x88e486e56b68fa127b93e9c394f5a91e2304c70f7f800acfbe88703f8456b601,https://etherscan.io/address/0xe60e71e47ca405946cf147ca9d7589a851dbcddc,,-,Generic,"synthsByAddress, burnSynthsToTargetOnBehalf, setCurrentPeriodId, Contract Creation, burnSynths, debtBalanceOf, issueMaxSynths, addSynths, issueSynths, nominateNewOwner, synths, CONTRACT_NAME, burnForRedemption, collateralisationRatioAndAnyRatesInvalid, burnSynthsToTarget, totalIssuedSynths, rebuildCache, acceptOwnership, getSynths, issueMaxSynthsOnBehalf, availableCurrencyKeys, transferableSynthetixAndAnyRateIsInvalid"
9,0x88e486e56b68fa127b93e9c394f5a91e2304c70f7f800acfbe88703f8456b601,https://etherscan.io/address/0x072f14b85add63488ddad88f855fda4a99d6ac9b,,Balancer 50 SNX 50 WETH,Token,"approve, getVault, getPausedState, getPoolId, transferFrom, getSwapFeePercentage, setSwapFeePercentage, symbol, transfer, onExitPool, getNormalizedWeights, Contract Creation, onJoinPool, onSwap"
9,0x88e486e56b68fa127b93e9c394f5a91e2304c70f7f800acfbe88703f8456b601,https://etherscan.io/address/0x0000006daea1723962647b7e189d311d757fb793,,-,Generic,"multicall, drainETH, isValidSignature, Contract Creation"
